date,total_sales,total_orders,total_items,average_order_value,data_missing,temperature,max_temperature,min_temperature,rainfall,humidity,wind_speed,is_holiday,holiday_name,year,month,day,weekday,week,quarter,day_of_year,is_weekend,is_month_start,is_month_end,month_sin,month_cos,weekday_sin,weekday_cos,time_index,lag_1,lag_7,lag_14,lag_30,rolling_mean_7,rolling_mean_14,rolling_mean_30,rolling_std_7,is_rain,heavy_rain,is_hot,is_cold,season,days_after_holiday,days_before_holiday,is_festival_week,weekend_after_holiday
2015-01-31,2417.85,54,145,16.908041958041956,False,13.16,23.44,4.93,0.0,36.8,2.32,False,No Holiday,2015,1,31,5,5,1,31,1,0,1,0.49999999999999994,0.8660254037844387,-0.9749279121818236,-0.2225209339563146,30,2270.3,2289.25,2064.1,2713.85,2092.9785714285713,2174.128571428572,2245.8483333333334,299.16238742131065,0,0,0,1,Winter,5,34,0,0
2015-02-01,3189.2,87,191,16.96382978723404,False,15.43,22.99,8.46,0.0,36.56,1.26,False,No Holiday,2015,2,1,6,5,1,32,1,1,0,0.8660254037844386,0.5000000000000001,-0.7818314824680299,0.6234898018587334,31,2417.85,1617.55,1976.85,2731.9,2111.35,2199.3964285714287,2235.9816666666666,316.6610201250953,0,0,0,0,Winter,6,33,0,0
2015-02-02,2328.6,63,145,16.283916083916083,False,15.79,24.64,8.41,0.0,42.78,1.96,False,No Holiday,2015,2,2,0,6,1,33,0,0,0,0.8660254037844386,0.5000000000000001,0.0,1.0,32,3189.2,1884.4,2387.15,2662.4,2335.8714285714286,2285.9928571428572,2251.225,440.96452791687483,0,0,0,0,Winter,7,32,0,0
2015-02-03,2614.8,62,159,17.090196078431372,False,15.43,24.27,10.38,0.85,54.67,2.17,False,No Holiday,2015,2,3,1,6,1,34,0,0,0,0.8660254037844386,0.5000000000000001,0.7818314824680298,0.6234898018587336,33,2328.6,2528.05,2397.9,1755.45,2399.328571428571,2281.8107142857143,2240.0983333333334,394.7017965683534,0,0,0,0,Winter,8,31,0,0
2015-02-04,2233.9,57,138,16.54740740740741,False,14.15,23.5,7.65,0.27,62.64,2.21,False,No Holiday,2015,2,4,2,6,1,35,0,0,0,0.8660254037844386,0.5000000000000001,0.9749279121818236,-0.22252093395631434,34,2614.8,2016.0,2040.55,2065.95,2411.721428571429,2297.3035714285716,2268.7433333333333,400.7328077588431,0,0,0,1,Winter,9,30,0,0
2015-02-05,2215.8,60,133,16.78636363636364,False,13.58,23.98,5.91,0.0,48.36,1.91,False,No Holiday,2015,2,5,3,6,1,36,0,0,0,0.8660254037844386,0.5000000000000001,0.43388373911755823,-0.900968867902419,35,2233.9,2045.3,2496.7,2428.95,2442.85,2311.1142857142854,2274.3416666666667,372.32664758246926,0,0,0,1,Winter,10,29,0,0
2015-02-06,2509.95,66,153,16.51282894736842,False,14.97,24.44,6.95,0.0,39.5,1.15,False,No Holiday,2015,2,6,4,6,1,37,0,0,0,0.8660254037844386,0.5000000000000001,-0.433883739117558,-0.9009688679024191,36,2215.8,2270.3,2423.7,2202.2,2467.207142857143,2291.05,2267.236666666666,346.6784298027158,0,0,0,1,Winter,11,28,0,0
2015-02-07,2237.65,61,136,16.575185185185187,False,17.1,25.35,9.1,0.03,41.55,1.08,False,No Holiday,2015,2,7,5,6,1,38,1,0,0,0.8660254037844386,0.5000000000000001,-0.9749279121818236,-0.2225209339563146,37,2509.95,2417.85,2289.25,2838.35,2501.4428571428575,2297.2107142857144,2277.495,335.6500017733899,0,0,0,0,Winter,12,27,0,0
2015-02-08,2035.0,53,124,16.68032786885246,False,17.33,25.63,12.02,0.0,44.16,1.52,False,No Holiday,2015,2,8,6,6,1,39,1,0,0,0.8660254037844386,0.5000000000000001,-0.7818314824680299,0.6234898018587334,38,2237.65,3189.2,1617.55,2127.35,2475.7000000000003,2293.525,2257.4716666666664,349.7440933501719,0,0,0,0,Winter,13,26,0,0
2015-02-09,2195.35,54,136,16.38320895522388,False,16.05,25.79,8.59,0.01,48.01,1.9,False,No Holiday,2015,2,9,0,7,1,40,0,0,0,0.8660254037844386,0.5000000000000001,0.0,1.0,39,2035.0,2328.6,1884.4,2463.95,2310.8142857142857,2323.342857142857,2254.3933333333334,195.25570139837583,0,0,0,0,Winter,14,25,0,0
2015-02-10,2056.5,59,124,16.85655737704918,False,15.44,25.09,7.93,0.0,41.84,1.99,False,No Holiday,2015,2,10,1,7,1,41,0,0,0,0.8660254037844386,0.5000000000000001,0.7818314824680298,0.6234898018587336,40,2195.35,2614.8,2528.05,1872.3,2291.7785714285715,2345.5535714285716,2245.44,199.67803012421265,0,0,0,0,Winter,15,24,0,0
2015-02-11,2460.0,69,155,16.18421052631579,False,15.63,24.56,8.34,0.0,39.12,1.56,False,No Holiday,2015,2,11,2,7,1,42,0,0,0,0.8660254037844386,0.5000000000000001,0.9749279121818236,-0.22252093395631434,41,2056.5,2233.9,2016.0,1919.05,2212.0214285714287,2311.8714285714286,2251.58,155.83786675351368,0,0,0,0,Winter,16,23,0,0
2015-02-12,2158.8,58,130,16.998425196850395,False,15.05,25.11,7.0,0.0,38.18,1.69,False,No Holiday,2015,2,12,3,7,1,43,0,0,0,0.8660254037844386,0.5000000000000001,0.43388373911755823,-0.900968867902419,42,2460.0,2215.8,2045.3,2049.6,2244.3214285714284,2343.5857142857144,2269.611666666666,182.31123309957047,0,0,0,0,Winter,17,22,0,0
2015-02-13,2754.5,71,163,17.215625,False,16.75,26.8,7.21,0.0,31.5,2.19,False,No Holiday,2015,2,13,4,7,1,44,0,0,0,0.8660254037844386,0.5000000000000001,-0.433883739117558,-0.9009688679024191,43,2158.8,2509.95,2270.3,2527.4,2236.1785714285716,2351.6928571428575,2273.2516666666666,185.04981954675318,0,0,0,0,Winter,18,21,0,0
2015-02-14,2319.15,57,140,16.928102189781022,False,19.76,30.06,11.01,0.0,36.06,1.25,False,No Holiday,2015,2,14,5,7,1,45,1,0,0,0.8660254037844386,0.5000000000000001,-0.9749279121818236,-0.2225209339563146,44,2754.5,2237.65,2417.85,1984.8,2271.114285714286,2386.2785714285715,2280.8216666666663,255.154656882001,0,0,0,0,Winter,19,20,0,0
2015-02-15,2141.25,55,128,16.728515625,False,20.34,28.85,12.35,0.0,36.57,1.14,False,No Holiday,2015,2,15,6,7,1,46,1,0,0,0.8660254037844386,0.5000000000000001,-0.7818314824680299,0.6234898018587334,45,2319.15,2035.0,3189.2,2594.15,2282.757142857143,2379.2285714285713,2291.9666666666667,255.23259723334016,0,0,0,0,Winter,20,19,0,0
2015-02-16,1968.8,49,119,16.684745762711863,False,19.54,27.8,13.21,0.0,38.14,1.74,False,No Holiday,2015,2,16,0,8,1,47,0,0,0,0.8660254037844386,0.5000000000000001,0.0,1.0,46,2141.25,2195.35,2328.6,2064.1,2297.9357142857143,2304.375,2276.8700000000003,240.79383248311208,0,0,0,0,Winter,21,18,0,0
2015-02-17,2121.9,61,129,16.57734375,False,19.98,28.07,11.5,0.0,44.14,0.99,False,No Holiday,2015,2,17,1,8,1,48,0,0,0,0.8660254037844386,0.5000000000000001,0.7818314824680298,0.6234898018587336,47,1968.8,2056.5,2614.8,1976.85,2265.5714285714284,2278.675,2273.6933333333336,270.2974840448068,0,0,0,0,Winter,22,17,0,0
2015-02-18,2642.85,61,163,16.517812499999998,False,20.9,28.6,13.3,0.0,40.01,0.91,False,No Holiday,2015,2,18,2,8,1,49,0,0,0,0.8660254037844386,0.5000000000000001,0.9749279121818236,-0.22252093395631434,48,2121.9,2460.0,2233.9,2387.15,2274.914285714286,2243.467857142857,2278.5283333333336,262.89540809081916,0,0,0,0,Winter,23,16,0,0
2015-02-19,2030.25,56,123,16.641393442622952,False,21.93,29.97,14.03,0.02,38.16,1.45,False,No Holiday,2015,2,19,3,8,1,50,0,0,0,0.8660254037844386,0.5000000000000001,0.43388373911755823,-0.900968867902419,49,2642.85,2158.8,2215.8,2397.9,2301.035714285714,2272.6785714285716,2287.0516666666667,291.8411778609015,0,0,0,0,Winter,24,15,0,0
2015-02-20,2891.15,73,175,17.107396449704144,False,21.72,30.86,14.05,1.76,41.7,1.29,False,No Holiday,2015,2,20,4,8,1,51,0,0,0,0.8660254037844386,0.5000000000000001,-0.433883739117558,-0.9009688679024191,50,2030.25,2754.5,2509.95,2040.55,2282.6714285714284,2259.425,2274.7966666666666,305.9849708416291,0,0,0,0,Winter,25,14,0,0
2015-02-21,2111.0,56,127,17.024193548387096,False,21.76,30.78,14.16,0.0,38.26,2.36,False,No Holiday,2015,2,21,5,8,1,52,1,0,0,0.8660254037844386,0.5000000000000001,-0.9749279121818236,-0.2225209339563146,51,2891.15,2319.15,2237.65,2496.7,2302.192857142857,2286.6535714285715,2303.15,343.19993738899467,0,0,0,0,Winter,26,13,0,0
2015-02-22,1579.95,37,97,16.988709677419354,False,21.92,31.7,14.33,0.0,43.13,2.93,False,No Holiday,2015,2,22,6,8,1,53,1,0,0,0.8660254037844386,0.5000000000000001,-0.7818314824680299,0.6234898018587334,52,2111.0,2141.25,2035.0,2423.7,2272.457142857143,2277.6071428571427,2290.2933333333335,350.4270863634019,0,0,0,0,Winter,27,12,0,0
2015-02-23,2168.55,54,128,17.3484,False,21.29,27.64,14.98,0.0,41.13,1.33,False,No Holiday,2015,2,23,0,9,1,54,0,0,0,0.8660254037844386,0.5000000000000001,0.0,1.0,53,1579.95,1968.8,2195.35,2289.25,2192.2714285714287,2245.1035714285713,2262.1683333333335,438.58435986054695,0,0,0,0,Winter,28,11,0,0
2015-02-24,2194.55,58,134,16.625378787878788,False,21.94,28.3,16.64,0.0,37.87,1.17,False,No Holiday,2015,2,24,1,9,1,55,0,0,0,0.8660254037844386,0.5000000000000001,0.7818314824680298,0.6234898018587336,54,2168.55,2121.9,2056.5,1617.55,2220.807142857143,2243.1892857142857,2258.145,427.99156186052267,0,0,0,0,Winter,29,10,0,0
2015-02-25,2341.3,63,144,16.604964539007092,False,21.87,30.09,14.51,0.47,36.4,2.25,False,No Holiday,2015,2,25,2,9,1,56,0,0,0,0.8660254037844386,0.5000000000000001,0.9749279121818236,-0.22252093395631434,55,2194.55,2642.85,2460.0,1884.4,2231.1857142857143,2253.05,2277.3783333333336,426.0699225814603,0,0,0,0,Winter,30,9,0,0
2015-02-26,2261.3,55,140,16.627205882352943,False,16.34,25.86,8.98,1.62,28.45,1.66,False,No Holiday,2015,2,26,3,9,1,57,0,0,0,0.8660254037844386,0.5000000000000001,0.43388373911755823,-0.900968867902419,56,2341.3,2030.25,2158.8,2528.05,2188.1071428571427,2244.5714285714284,2292.608333333333,391.3397505456644,0,0,0,0,Winter,31,8,0,0
2015-02-27,2857.95,71,173,16.71315789473684,False,16.5,27.23,7.74,0.1,26.4,1.47,False,No Holiday,2015,2,27,4,9,1,58,0,0,0,0.8660254037844386,0.5000000000000001,-0.433883739117558,-0.9009688679024191,57,2261.3,2891.15,2754.5,2016.0,2221.114285714286,2251.8928571428573,2283.7166666666667,385.50677005975507,0,0,0,0,Winter,32,7,1,0
2015-02-28,2539.6,59,154,16.598692810457514,False,18.08,27.38,8.95,0.09,31.21,1.39,False,No Holiday,2015,2,28,5,9,1,59,1,0,1,0.8660254037844386,0.5000000000000001,-0.9749279121818236,-0.2225209339563146,58,2857.95,2111.0,2319.15,2045.3,2216.371428571429,2259.282142857143,2311.7816666666668,375.9758911343728,0,0,0,0,Winter,33,6,1,0
2015-03-01,1598.55,49,99,16.146969696969695,False,16.35,19.81,13.44,27.24,83.57,4.11,False,No Holiday,2015,3,1,6,9,1,60,1,1,0,1.0,6.123233995736766e-17,-0.7818314824680299,0.6234898018587334,59,2539.6,1579.95,2141.25,2270.3,2277.6,2275.0285714285715,2328.258333333333,390.571852117721,1,1,0,0,Summer,34,5,1,0
2015-03-02,2379.05,58,139,17.23949275362319,False,16.85,21.18,12.51,26.81,83.9,2.57,False,No Holiday,2015,3,2,0,10,1,61,0,0,0,1.0,6.123233995736766e-17,0.0,1.0,60,1598.55,2168.55,1968.8,2417.85,2280.257142857143,2236.264285714286,2305.866666666667,385.058910458919,1,1,0,0,Summer,35,4,1,0
2015-03-03,2287.9,53,137,17.202255639097746,False,16.16,23.5,10.93,1.41,64.28,1.47,False,No Holiday,2015,3,3,1,10,1,62,0,0,0,1.0,6.123233995736766e-17,0.7818314824680298,0.6234898018587336,61,2379.05,2194.55,2121.9,3189.2,2310.328571428571,2265.567857142857,2304.5733333333337,383.095656959137,0,0,0,0,Summer,36,3,1,0
2015-03-04,2444.3,59,147,16.974305555555556,False,15.82,24.18,8.66,0.0,48.97,1.97,False,No Holiday,2015,3,4,2,10,1,63,0,0,0,1.0,6.123233995736766e-17,0.9749279121818236,-0.22252093395631434,62,2287.9,2341.3,2642.85,2328.6,2323.6642857142856,2277.425,2274.53,380.0059579733436,0,0,0,0,Summer,37,2,1,0
2015-03-05,2350.65,64,142,16.790357142857143,False,17.74,26.78,10.2,0.0,40.01,1.41,False,No Holiday,2015,3,5,3,10,1,64,0,0,0,1.0,6.123233995736766e-17,0.43388373911755823,-0.900968867902419,63,2444.3,2261.3,2030.25,2614.8,2338.3785714285714,2263.2428571428572,2278.3866666666668,382.7866146836288,0,0,0,0,Summer,38,1,1,0
2015-03-06,2513.95,66,152,17.33758620689655,False,18.46,27.67,10.7,0.01,48.8,1.67,True,Holi,2015,3,6,4,10,1,65,0,0,0,1.0,6.123233995736766e-17,-0.433883739117558,-0.9009688679024191,64,2350.65,2857.95,2891.15,2233.9,2351.1428571428573,2286.128571428572,2269.5816666666665,381.27473627793654,0,0,0,0,Summer,0,0,1,0
2015-03-07,2400.45,58,144,17.269424460431654,False,20.17,28.18,12.13,0.81,49.87,1.28,False,No Holiday,2015,3,7,5,10,1,66,1,0,0,1.0,6.123233995736766e-17,-0.9749279121818236,-0.2225209339563146,65,2513.95,2539.6,2111.0,2215.8,2302.0,2259.1857142857143,2278.9166666666665,322.7408893627628,0,0,0,0,Summer,1,21,1,1
2015-03-08,2188.15,62,135,16.57689393939394,False,20.16,26.73,14.17,4.41,54.08,1.61,False,No Holiday,2015,3,8,6,10,1,67,1,0,0,1.0,6.123233995736766e-17,-0.7818314824680299,0.6234898018587334,66,2400.45,1598.55,1579.95,2509.95,2282.1214285714286,2279.860714285714,2285.0716666666663,309.6887225601746,0,0,0,0,Summer,2,20,1,1
2015-03-09,2334.55,56,138,17.165808823529414,False,16.15,25.17,9.29,2.32,47.22,2.41,False,No Holiday,2015,3,9,0,11,1,68,0,0,0,1.0,6.123233995736766e-17,0.0,1.0,67,2188.15,2379.05,2168.55,2237.65,2366.35,2323.3035714285716,2274.3450000000003,105.94196131216047,0,0,0,0,Summer,3,19,0,0
2015-03-10,2388.7,59,144,16.82183098591549,False,16.54,26.43,8.3,0.0,47.63,2.32,False,No Holiday,2015,3,10,1,11,1,69,0,0,0,1.0,6.123233995736766e-17,0.7818314824680298,0.6234898018587336,68,2334.55,2287.9,2194.55,2035.0,2359.9928571428572,2335.160714285714,2277.575,106.38707012826703,0,0,0,0,Summer,4,18,0,0
2015-03-11,2207.7,62,134,16.724999999999998,False,18.59,28.65,9.57,0.0,36.23,1.79,False,No Holiday,2015,3,11,2,11,1,70,0,0,0,1.0,6.123233995736766e-17,0.9749279121818236,-0.22252093395631434,69,2388.7,2444.3,2341.3,2195.35,2374.3928571428573,2349.0285714285715,2289.365,101.72221335812964,0,0,0,0,Summer,5,17,0,0
2015-03-12,1994.9,51,119,17.34695652173913,False,21.21,30.79,12.83,0.0,38.12,1.74,False,No Holiday,2015,3,12,3,11,1,71,0,0,0,1.0,6.123233995736766e-17,0.43388373911755823,-0.900968867902419,70,2207.7,2350.65,2261.3,2056.5,2340.5928571428567,2339.485714285714,2289.7766666666666,113.27464569418629,0,0,0,0,Summer,6,16,0,0
2015-03-13,2786.65,71,176,16.107803468208093,False,21.59,28.81,15.22,0.23,49.15,1.22,False,No Holiday,2015,3,13,4,11,1,72,0,0,0,1.0,6.123233995736766e-17,-0.433883739117558,-0.9009688679024191,71,1994.9,2513.95,2857.95,2460.0,2289.7714285714287,2320.457142857143,2287.723333333334,172.38984612679343,0,0,0,0,Summer,7,15,0,0
2015-03-14,2039.45,56,123,16.716803278688523,False,22.21,29.03,16.75,0.31,54.78,1.18,False,No Holiday,2015,3,14,5,11,1,73,1,0,0,1.0,6.123233995736766e-17,-0.9749279121818236,-0.2225209339563146,72,2786.65,2400.45,2539.6,2158.8,2328.7285714285713,2315.364285714286,2298.6116666666667,246.413684781547,0,0,0,0,Summer,8,14,0,0
2015-03-15,2068.6,49,131,16.682258064516127,False,18.91,24.5,15.03,6.41,72.64,3.31,False,No Holiday,2015,3,15,6,11,1,74,1,0,0,1.0,6.123233995736766e-17,-0.7818314824680299,0.6234898018587334,73,2039.45,2188.15,1598.55,2754.5,2277.157142857143,2279.6392857142855,2294.633333333333,265.90695965031955,1,0,0,0,Summer,9,13,0,0
2015-03-16,2295.05,66,141,16.393214285714286,False,19.28,25.17,14.33,5.65,72.76,1.84,False,No Holiday,2015,3,16,0,12,1,75,0,0,0,1.0,6.123233995736766e-17,0.0,1.0,74,2068.6,2334.55,2379.05,2319.15,2260.078571428571,2313.214285714286,2271.77,276.2158377928744,1,0,0,0,Summer,10,12,0,0
2015-03-17,2965.3,71,179,16.848295454545454,False,20.14,27.8,12.82,0.0,58.38,2.51,False,No Holiday,2015,3,17,1,12,1,76,0,0,0,1.0,6.123233995736766e-17,0.7818314824680298,0.6234898018587336,75,2295.05,2388.7,2287.9,2141.25,2254.4357142857143,2307.214285714286,2270.9666666666667,274.8409384145162,0,0,0,0,Summer,11,11,0,0
2015-03-18,2075.4,62,123,17.440336134453784,False,19.76,28.07,12.24,0.0,53.11,2.96,False,No Holiday,2015,3,18,2,12,1,77,0,0,0,1.0,6.123233995736766e-17,0.9749279121818236,-0.22252093395631434,76,2965.3,2207.7,2444.3,1968.8,2336.807142857143,2355.6,2298.435,385.7959342154132,0,0,0,0,Summer,12,10,0,0
2015-03-19,2388.6,58,144,16.703496503496503,False,20.42,29.55,11.32,0.0,43.09,1.85,False,No Holiday,2015,3,19,3,12,1,78,0,0,0,1.0,6.123233995736766e-17,0.43388373911755823,-0.900968867902419,77,2075.4,1994.9,2350.65,2121.9,2317.907142857143,2329.25,2301.9883333333337,396.2733877730669,0,0,0,0,Summer,13,9,0,0
2015-03-20,2461.25,66,149,16.63006756756757,False,22.34,31.7,14.21,0.0,36.16,1.74,False,No Holiday,2015,3,20,4,12,1,79,0,0,0,1.0,6.123233995736766e-17,-0.433883739117558,-0.9009688679024191,78,2388.6,2786.65,2513.95,2642.85,2374.15,2331.960714285714,2310.878333333333,369.8460580656055,0,0,0,0,Summer,14,8,0,0
2015-03-21,2267.4,56,136,16.92089552238806,False,23.63,32.78,15.89,0.0,38.75,1.78,False,No Holiday,2015,3,21,5,12,1,80,1,0,0,1.0,6.123233995736766e-17,-0.9749279121818236,-0.2225209339563146,79,2461.25,2039.45,2400.45,2030.25,2327.664285714286,2328.1964285714284,2304.825,327.3683828582697,0,0,0,0,Summer,15,7,1,0
2015-03-22,1259.25,37,77,16.56907894736842,False,24.59,33.92,16.08,0.0,44.46,2.53,False,No Holiday,2015,3,22,6,12,1,81,1,0,0,1.0,6.123233995736766e-17,-0.7818314824680299,0.6234898018587334,80,2267.4,2068.6,2188.15,2891.15,2360.2285714285713,2318.692857142857,2312.7300000000005,304.4562446082408,0,0,0,0,Summer,16,6,1,0
2015-03-23,2232.55,61,135,17.04236641221374,False,25.01,34.34,17.84,0.0,42.03,2.26,False,No Holiday,2015,3,23,0,13,1,82,0,0,0,1.0,6.123233995736766e-17,0.0,1.0,81,1259.25,2295.05,2334.55,2111.0,2244.607142857143,2252.342857142857,2258.3333333333335,514.7313242755649,0,0,0,0,Summer,17,5,1,0
2015-03-24,2162.3,60,130,16.89296875,False,27.15,36.03,16.88,0.0,29.79,1.17,False,No Holiday,2015,3,24,1,13,1,83,0,0,0,1.0,6.123233995736766e-17,0.7818314824680298,0.6234898018587336,82,2232.55,2965.3,2388.7,1579.95,2235.6785714285716,2245.057142857143,2262.385,514.2523495790948,0,0,0,0,Summer,18,4,1,0
2015-03-25,1927.75,56,115,16.76304347826087,False,27.91,36.34,21.63,0.0,30.21,0.9,False,No Holiday,2015,3,25,2,13,1,84,0,0,0,1.0,6.123233995736766e-17,0.9749279121818236,-0.22252093395631434,83,2162.3,2075.4,2207.7,2168.55,2120.964285714286,2228.885714285714,2281.7966666666666,401.59147745178205,0,0,0,0,Summer,19,3,1,0
2015-03-26,2215.5,65,136,16.290441176470587,False,27.71,36.73,19.31,0.0,36.78,1.27,False,No Holiday,2015,3,26,3,13,1,85,0,0,0,1.0,6.123233995736766e-17,0.43388373911755823,-0.900968867902419,84,1927.75,2388.6,1994.9,2194.55,2099.8714285714286,2208.889285714286,2273.7699999999995,408.20656214832314,0,0,0,0,Summer,20,2,1,0
2015-03-27,2744.8,71,167,16.435928143712577,False,27.68,36.88,20.55,0.0,35.96,1.93,False,No Holiday,2015,3,27,4,13,1,86,0,0,0,1.0,6.123233995736766e-17,-0.433883739117558,-0.9009688679024191,85,2215.5,2461.25,2786.65,2341.3,2075.1428571428573,2224.6464285714287,2274.468333333333,392.7511610725167,0,0,0,0,Summer,21,1,1,0
2015-03-28,2252.1,60,139,16.319565217391304,False,27.63,36.88,18.45,0.0,29.79,1.74,True,Ram Navami,2015,3,28,5,13,1,87,1,0,0,1.0,6.123233995736766e-17,-0.9749279121818236,-0.2225209339563146,86,2744.8,2267.4,2039.45,2261.3,2115.65,2221.657142857143,2287.9183333333335,449.70305202433354,0,0,0,0,Summer,0,0,1,1
2015-03-29,2154.25,54,132,16.699612403100776,False,24.35,30.64,18.32,5.23,40.5,2.16,False,No Holiday,2015,3,29,6,13,1,88,1,0,0,1.0,6.123233995736766e-17,-0.7818314824680299,0.6234898018587334,87,2252.1,1259.25,2068.6,2857.95,2113.464285714286,2236.8464285714285,2287.6116666666667,448.8789941939496,1,0,0,0,Summer,1,4,1,1
2015-03-30,2255.45,62,137,16.95827067669173,False,21.83,28.32,17.67,6.27,68.02,2.91,False,No Holiday,2015,3,30,0,14,1,89,0,0,0,1.0,6.123233995736766e-17,0.0,1.0,88,2154.25,2232.55,2295.05,2539.6,2241.3214285714284,2242.964285714286,2264.155,247.15157099969935,1,0,0,0,Summer,2,3,1,0
2015-03-31,2756.6,62,161,17.337106918238995,False,24.69,31.89,16.72,0.01,57.66,1.49,False,No Holiday,2015,3,31,1,14,1,90,0,0,1,1.0,6.123233995736766e-17,0.7818314824680298,0.6234898018587336,89,2255.45,2162.3,2965.3,1598.55,2244.592857142857,2240.1357142857146,2254.6833333333334,247.1676749168667,0,0,0,0,Summer,3,2,1,0
2015-04-01,2176.85,67,135,16.367293233082705,False,26.64,33.86,19.31,0.15,44.99,1.32,False,No Holiday,2015,4,1,2,14,2,91,0,1,0,0.8660254037844387,-0.4999999999999998,0.9749279121818236,-0.22252093395631434,90,2756.6,1927.75,2075.4,2379.05,2329.492857142857,2225.2285714285713,2293.2850000000003,308.61904433104866,0,0,0,0,Summer,4,1,1,0
2015-04-02,2547.15,62,150,17.688541666666666,False,27.81,35.98,20.84,0.07,40.13,1.31,True,Mahavira's Birthday,2015,4,2,3,14,2,92,0,0,0,0.8660254037844387,-0.4999999999999998,0.43388373911755823,-0.900968867902419,91,2176.85,2215.5,2388.6,2287.9,2365.078571428571,2232.475,2286.5449999999996,265.9926077562168,0,0,0,0,Summer,0,0,1,0
2015-04-03,2538.2,64,155,16.48181818181818,False,24.91,30.63,20.78,5.93,52.74,2.15,True,Good Friday,2015,4,3,4,14,2,93,0,0,0,0.8660254037844387,-0.4999999999999998,-0.433883739117558,-0.9009688679024191,92,2547.15,2744.8,2461.25,2444.3,2412.457142857143,2243.8,2295.186666666667,264.4414103800872,1,0,0,0,Summer,0,0,1,0
2015-04-04,2767.55,66,170,17.083641975308645,False,21.05,25.46,17.35,16.39,72.93,1.17,False,No Holiday,2015,4,4,5,14,2,94,1,0,0,0.8660254037844387,-0.4999999999999998,-0.9749279121818236,-0.2225209339563146,93,2538.2,2252.1,2267.4,2350.65,2382.942857142857,2249.296428571429,2298.3166666666666,230.52020777033053,1,0,0,0,Summer,1,10,1,1
2015-04-05,1909.85,50,117,16.464224137931033,False,22.89,31.21,15.56,0.0,57.56,0.97,False,No Holiday,2015,4,5,6,14,2,95,1,0,0,0.8660254037844387,-0.4999999999999998,-0.7818314824680299,0.6234898018587334,94,2767.55,2154.25,1259.25,2513.95,2456.578571428571,2285.0214285714287,2312.2133333333336,261.94295475851055,0,0,0,0,Summer,2,9,1,1
2015-04-06,2622.35,60,157,17.13954248366013,False,24.24,32.35,16.36,0.0,41.36,1.59,False,No Holiday,2015,4,6,0,15,2,96,0,0,0,0.8660254037844387,-0.4999999999999998,0.0,1.0,95,1909.85,2255.45,2232.55,2400.45,2421.664285714286,2331.4928571428572,2292.076666666667,319.0248641228009,0,0,0,0,Summer,3,8,0,0
2015-04-07,2234.25,61,138,16.428308823529413,False,25.5,32.2,18.4,0.04,38.53,0.9,False,No Holiday,2015,4,7,1,15,2,97,0,0,0,0.8660254037844387,-0.4999999999999998,0.7818314824680298,0.6234898018587336,96,2622.35,2756.6,2162.3,2188.15,2474.078571428571,2359.335714285714,2299.473333333334,317.30058022998594,0,0,0,0,Summer,4,7,1,0
2015-04-08,2293.95,60,136,17.511068702290075,False,25.1,32.78,19.15,0.25,42.84,1.61,False,No Holiday,2015,4,8,2,15,2,98,0,0,0,0.8660254037844387,-0.4999999999999998,0.9749279121818236,-0.22252093395631434,97,2234.25,2176.85,1927.75,2334.55,2399.457142857143,2364.475,2301.01,300.77644858567254,0,0,0,0,Summer,5,6,1,0
2015-04-09,2047.3,52,122,16.9198347107438,False,24.75,33.96,16.35,0.0,41.71,2.4,False,No Holiday,2015,4,9,3,15,2,99,0,0,0,0.8660254037844387,-0.4999999999999998,0.43388373911755823,-0.900968867902419,98,2293.95,2547.15,2215.5,2388.7,2416.1857142857143,2390.6321428571428,2299.6566666666668,289.3722324767385,0,0,0,0,Summer,6,5,1,0
2015-04-10,2424.95,59,142,17.077112676056338,False,25.8,35.48,16.67,0.0,39.39,2.19,False,No Holiday,2015,4,10,4,15,2,100,0,0,0,0.8660254037844387,-0.4999999999999998,-0.433883739117558,-0.9009688679024191,99,2047.3,2538.2,2744.8,2207.7,2344.7785714285715,2378.6178571428572,2288.2766666666666,312.4232970628462,0,0,0,0,Summer,7,4,1,0
2015-04-11,2543.75,63,153,16.958333333333332,False,28.47,37.14,20.11,0.0,31.36,1.03,False,No Holiday,2015,4,11,5,15,2,101,1,0,0,0.8660254037844387,-0.4999999999999998,-0.9749279121818236,-0.2225209339563146,100,2424.95,2767.55,2252.1,1994.9,2328.6,2355.7714285714283,2295.5183333333334,303.5438697014548,0,0,0,0,Summer,8,3,1,0
2015-04-12,1994.3,53,120,17.192241379310346,False,26.52,33.75,19.78,5.35,44.0,1.24,False,No Holiday,2015,4,12,6,15,2,102,1,0,0,0.8660254037844387,-0.4999999999999998,-0.7818314824680299,0.6234898018587334,101,2543.75,1909.85,2154.25,2786.65,2296.6285714285714,2376.6035714285713,2313.813333333333,257.96979774310705,1,0,0,0,Summer,9,2,1,0
2015-04-13,2496.2,66,144,17.455944055944055,False,23.96,29.8,20.76,1.63,60.72,1.9,False,No Holiday,2015,4,13,0,16,2,103,0,0,0,0.8660254037844387,-0.4999999999999998,0.0,1.0,102,1994.3,2622.35,2255.45,2039.45,2308.692857142857,2365.1785714285716,2287.4016666666666,238.07441838735355,0,0,0,0,Summer,10,1,1,0
2015-04-14,2505.7,50,146,17.7709219858156,False,25.23,31.78,18.86,0.44,54.6,1.26,True,Dr. B. R. Ambedkar's Birthday,2015,4,14,1,16,2,104,0,0,0,0.8660254037844387,-0.4999999999999998,0.7818314824680298,0.6234898018587336,103,2496.2,2234.25,2756.6,2068.6,2290.6714285714284,2382.375,2302.6266666666666,213.9241665815706,0,0,0,0,Summer,0,0,1,0
2015-04-15,2578.85,67,158,16.63774193548387,False,26.56,32.91,20.88,1.06,51.17,1.21,False,No Holiday,2015,4,15,2,16,2,105,0,0,0,0.8660254037844387,-0.4999999999999998,0.9749279121818236,-0.22252093395631434,104,2505.7,2293.95,2176.85,2295.05,2329.45,2364.453571428571,2317.1966666666663,226.24056518081304,0,0,0,0,Summer,1,19,1,0
2015-04-16,2017.95,55,126,16.1436,False,27.36,34.74,21.06,0.09,48.23,1.46,False,No Holiday,2015,4,16,3,16,2,106,0,0,0,0.8660254037844387,-0.4999999999999998,0.43388373911755823,-0.900968867902419,105,2578.85,2047.3,2547.15,2965.3,2370.15,2393.167857142857,2326.656666666667,243.73942370217196,0,0,0,0,Summer,2,18,1,0
2015-04-17,2675.65,64,161,16.618944099378883,False,27.61,35.89,19.85,0.03,43.56,3.09,False,No Holiday,2015,4,17,4,16,2,107,0,0,0,0.8660254037844387,-0.4999999999999998,-0.433883739117558,-0.9009688679024191,106,2017.95,2424.95,2538.2,2075.4,2365.9571428571426,2355.3678571428572,2295.0783333333334,250.3807424513244,0,0,0,0,Summer,3,17,0,0
2015-04-18,2286.2,62,137,16.934814814814814,False,30.0,39.47,20.91,0.0,37.8,2.73,False,No Holiday,2015,4,18,5,16,2,108,1,0,0,0.8660254037844387,-0.4999999999999998,-0.9749279121818236,-0.2225209339563146,107,2675.65,2543.75,2767.55,2388.6,2401.7714285714287,2365.1857142857143,2315.0866666666666,276.7652327291475,0,0,0,0,Summer,4,16,0,0
2015-04-19,1527.95,50,95,16.608152173913044,False,31.85,40.86,22.68,0.0,33.5,1.6,False,No Holiday,2015,4,19,6,16,2,109,1,0,0,0.8660254037844387,-0.4999999999999998,-0.7818314824680299,0.6234898018587334,108,2286.2,1994.3,1909.85,2461.25,2364.9785714285713,2330.8035714285716,2311.673333333333,271.82003981976624,0,0,0,0,Summer,5,15,0,0
2015-04-20,2459.45,70,151,16.617905405405406,False,31.42,39.54,23.56,0.01,32.27,1.93,False,No Holiday,2015,4,20,0,17,2,110,0,0,0,0.8660254037844387,-0.4999999999999998,0.0,1.0,109,1527.95,2496.2,2622.35,2267.4,2298.3571428571427,2303.525,2280.5633333333335,403.20840912669047,0,0,0,0,Summer,6,14,0,0
2015-04-21,2213.15,62,134,17.02423076923077,False,30.13,39.23,21.36,0.0,31.3,2.62,False,No Holiday,2015,4,21,1,17,2,111,0,0,0,0.8660254037844387,-0.4999999999999998,0.7818314824680298,0.6234898018587336,110,2459.45,2505.7,2234.25,1259.25,2293.1071428571427,2291.8892857142855,2286.9649999999997,400.4327455272316,0,0,0,0,Summer,7,13,0,0
2015-04-22,2193.45,59,134,16.617045454545455,False,29.57,39.65,20.05,0.0,27.18,2.64,False,No Holiday,2015,4,22,2,17,2,112,0,0,0,0.8660254037844387,-0.4999999999999998,0.9749279121818236,-0.22252093395631434,111,2213.15,2578.85,2293.95,2232.55,2251.3142857142857,2290.3821428571428,2318.7616666666663,389.6684966248944,0,0,0,0,Summer,8,12,0,0
2015-04-23,2426.15,57,144,17.709124087591242,False,30.9,39.96,21.61,0.0,24.31,1.55,False,No Holiday,2015,4,23,3,17,2,113,0,0,0,0.8660254037844387,-0.4999999999999998,0.43388373911755823,-0.900968867902419,112,2193.45,2017.95,2047.3,2162.3,2196.2571428571428,2283.203571428571,2317.458333333333,361.915927655135,0,0,0,0,Summer,9,11,0,0
2015-04-24,2979.2,71,175,17.42222222222222,False,33.69,40.47,27.26,0.0,17.76,0.68,False,No Holiday,2015,4,24,4,17,2,114,0,0,0,0.8660254037844387,-0.4999999999999998,-0.433883739117558,-0.9009688679024191,113,2426.15,2675.65,2424.95,1927.75,2254.5714285714284,2310.2642857142855,2326.2533333333336,361.2829521962248,0,0,0,0,Summer,10,10,0,0
2015-04-25,2089.2,62,126,16.7136,False,32.41,40.43,25.18,0.0,20.61,1.34,False,No Holiday,2015,4,25,5,17,2,115,1,0,0,0.8660254037844387,-0.4999999999999998,-0.9749279121818236,-0.2225209339563146,114,2979.2,2286.2,2543.75,2215.5,2297.9357142857143,2349.8535714285713,2361.3016666666667,431.6187367672676,0,0,0,0,Summer,11,9,0,0
2015-04-26,1767.4,56,111,16.067272727272726,False,28.83,36.31,21.6,0.01,43.9,2.65,False,No Holiday,2015,4,26,6,17,2,116,1,0,0,0.8660254037844387,-0.4999999999999998,-0.7818314824680299,0.6234898018587334,115,2089.2,1527.95,1994.3,2744.8,2269.792857142857,2317.3857142857146,2357.0916666666667,438.8730135515398,0,0,0,0,Summer,12,8,0,0
2015-04-27,2180.8,67,133,16.396992481203007,False,30.26,38.33,22.16,0.46,40.22,2.34,False,No Holiday,2015,4,27,0,18,2,117,0,0,0,0.8660254037844387,-0.4999999999999998,0.0,1.0,116,1767.4,2459.45,2496.2,2252.1,2304.0,2301.178571428571,2324.5116666666668,376.2831358609282,0,0,0,0,Summer,13,7,1,0
2015-04-28,1742.8,48,107,17.255445544554455,False,31.56,38.9,23.38,3.02,41.71,1.58,False,No Holiday,2015,4,28,1,18,2,118,0,0,0,0.8660254037844387,-0.4999999999999998,0.7818314824680298,0.6234898018587336,117,2180.8,2213.15,2505.7,2154.25,2264.192857142857,2278.65,2322.1349999999998,371.8098230598676,0,0,0,0,Summer,14,6,1,0
2015-04-29,1828.75,53,111,17.0911214953271,False,32.18,38.68,25.95,0.02,31.01,1.09,False,No Holiday,2015,4,29,2,18,2,119,0,0,0,0.8660254037844387,-0.4999999999999998,0.9749279121818236,-0.22252093395631434,118,1742.8,2193.45,2578.85,2255.45,2197.0,2224.157142857143,2308.4199999999996,421.72191568220336,0,0,0,0,Summer,15,5,1,0
2015-04-30,2667.5,63,163,16.365030674846626,False,32.23,40.36,23.92,0.0,30.15,1.87,False,No Holiday,2015,4,30,3,18,2,120,0,0,1,0.8660254037844387,-0.4999999999999998,0.43388373911755823,-0.900968867902419,119,1828.75,2426.15,2017.95,2756.6,2144.9,2170.578571428571,2294.1966666666663,444.16416540884325,0,0,0,0,Summer,16,4,1,0
2015-05-01,2571.95,75,154,16.920723684210525,False,31.35,37.96,24.94,0.46,32.86,1.23,False,No Holiday,2015,5,1,4,18,2,121,0,1,0,0.49999999999999994,-0.8660254037844387,-0.433883739117558,-0.9009688679024191,120,2667.5,2979.2,2675.65,2176.85,2179.378571428572,2216.975,2291.2266666666665,477.7339966420852,0,0,0,0,Summer,17,3,1,0
2015-05-02,2400.2,68,152,16.108724832214765,False,31.28,38.43,25.02,0.11,30.17,1.56,False,No Holiday,2015,5,2,5,18,2,122,1,0,0,0.49999999999999994,-0.8660254037844387,-0.9749279121818236,-0.2225209339563146,121,2571.95,2089.2,2286.2,2547.15,2121.2,2209.567857142857,2304.3966666666665,378.6122499779085,0,0,0,0,Summer,18,2,1,0
2015-05-03,1832.25,49,114,16.214601769911503,False,31.81,39.89,23.67,0.0,21.83,1.29,False,No Holiday,2015,5,3,6,18,2,123,1,0,0,0.49999999999999994,-0.8660254037844387,-0.7818314824680299,0.6234898018587334,122,2400.2,1767.4,1527.95,2538.2,2165.628571428572,2217.710714285714,2299.4983333333334,392.233588839975,0,0,0,0,Summer,19,1,1,0
2015-05-04,2288.9,55,141,16.586231884057973,False,32.98,40.75,25.21,0.0,18.21,1.21,True,Buddha Purnima,2015,5,4,0,19,2,124,0,0,0,0.49999999999999994,-0.8660254037844387,0.0,1.0,123,1832.25,2180.8,2459.45,2767.55,2174.8928571428573,2239.4464285714284,2275.9666666666667,381.8895165583152,0,0,0,0,Summer,0,0,1,0
2015-05-05,1713.6,49,107,16.32,False,32.42,41.96,22.83,0.0,20.49,1.88,False,No Holiday,2015,5,5,1,19,2,125,0,0,0,0.49999999999999994,-0.8660254037844387,0.7818314824680298,0.6234898018587336,124,2288.9,1742.8,2213.15,1909.85,2190.3357142857144,2227.264285714286,2260.0116666666663,384.34597664331756,0,0,0,0,Summer,1,74,1,0
2015-05-06,2309.8,55,140,16.73768115942029,False,33.6,43.54,22.55,0.0,15.9,3.6,False,No Holiday,2015,5,6,2,19,2,126,0,0,0,0.49999999999999994,-0.8660254037844387,0.9749279121818236,-0.22252093395631434,125,1713.6,1828.75,2193.45,2622.35,2186.1642857142856,2191.5821428571426,2253.47,390.1277351867021,0,0,0,0,Summer,2,73,1,0
2015-05-07,2228.85,58,131,17.8308,False,34.61,44.07,24.73,0.0,15.73,3.7,False,No Holiday,2015,5,7,3,19,2,127,0,0,0,0.49999999999999994,-0.8660254037844387,0.43388373911755823,-0.900968867902419,126,2309.8,2667.5,2426.15,2234.25,2254.885714285714,2199.8928571428573,2243.0516666666667,357.69639676953074,0,0,0,0,Summer,3,72,0,0
2015-05-08,3052.3,71,181,17.244632768361583,False,34.67,43.2,26.72,0.0,15.84,3.12,False,No Holiday,2015,5,8,4,19,2,128,0,0,0,0.49999999999999994,-0.8660254037844387,-0.433883739117558,-0.9009688679024191,127,2228.85,2571.95,2979.2,2293.95,2192.2214285714285,2185.8,2242.8716666666664,308.38825482544974,0,0,0,0,Summer,4,71,0,0
2015-05-09,2368.4,56,144,16.917142857142856,False,34.92,42.87,26.35,0.0,22.1,1.96,False,No Holiday,2015,5,9,5,19,2,129,1,0,0,0.49999999999999994,-0.8660254037844387,-0.9749279121818236,-0.2225209339563146,128,3052.3,2400.2,2089.2,2047.3,2260.842857142857,2191.0214285714287,2268.15,434.587726499277,0,0,0,0,Summer,5,70,0,0
2015-05-10,2288.35,55,141,16.345357142857143,False,35.4,43.43,26.91,0.0,22.23,1.8,False,No Holiday,2015,5,10,6,19,2,130,1,0,0,0.49999999999999994,-0.8660254037844387,-0.7818314824680299,0.6234898018587334,129,2368.4,1832.25,1767.4,2424.95,2256.3,2210.964285714286,2278.853333333333,433.0516934116152,0,0,1,0,Summer,6,69,0,0
2015-05-11,2388.05,60,144,16.936524822695038,False,36.38,43.36,28.06,0.01,21.17,1.35,False,No Holiday,2015,5,11,0,20,2,131,0,0,0,0.49999999999999994,-0.8660254037844387,0.0,1.0,130,2288.35,2288.9,2180.8,2543.75,2321.457142857143,2248.175,2274.3,390.8736458547831,0,0,1,0,Summer,7,68,0,0
2015-05-12,2299.7,62,142,16.42642857142857,False,35.39,41.05,29.91,0.61,24.32,1.12,False,No Holiday,2015,5,12,1,20,2,132,0,0,0,0.49999999999999994,-0.8660254037844387,0.7818314824680298,0.6234898018587336,131,2388.05,1713.6,1742.8,1994.3,2335.6214285714286,2262.9785714285713,2269.11,391.29347347094,0,0,1,0,Summer,8,67,0,0
2015-05-13,2261.8,63,137,16.509489051094892,False,34.14,40.77,26.96,0.43,26.89,1.62,False,No Holiday,2015,5,13,2,20,2,133,0,0,0,0.49999999999999994,-0.8660254037844387,0.9749279121818236,-0.22252093395631434,132,2299.7,2309.8,1828.75,2496.2,2419.35,2302.7571428571428,2279.29,284.00993820639576,0,0,0,0,Summer,9,66,0,0
2015-05-14,2694.5,69,164,17.162420382165607,False,33.0,39.37,26.3,1.04,27.4,1.51,False,No Holiday,2015,5,14,3,20,2,134,0,0,0,0.49999999999999994,-0.8660254037844387,0.43388373911755823,-0.900968867902419,133,2261.8,2228.85,2667.5,2505.7,2412.4928571428572,2333.6892857142857,2271.476666666667,287.6518518229,0,0,0,0,Summer,10,65,0,0
2015-05-15,3386.15,94,208,16.517804878048782,False,33.45,40.34,26.23,0.4,28.52,2.52,False,No Holiday,2015,5,15,4,20,2,135,0,0,0,0.49999999999999994,-0.8660254037844387,-0.433883739117558,-0.9009688679024191,134,2694.5,3052.3,2571.95,2578.85,2479.0142857142855,2335.617857142857,2277.77,291.91584220211826,0,0,0,0,Summer,11,64,0,0
2015-05-16,2281.1,61,142,16.178014184397163,False,34.35,40.08,28.62,2.3,26.33,0.99,False,No Holiday,2015,5,16,5,20,2,136,1,0,0,0.49999999999999994,-0.8660254037844387,-0.9749279121818236,-0.2225209339563146,135,3386.15,2368.4,2400.2,2017.95,2526.707142857143,2393.775,2304.68,406.1209973934,0,0,0,0,Summer,12,63,0,0
2015-05-17,1828.4,49,109,17.249056603773585,False,34.73,41.48,26.35,0.0,23.54,1.64,False,No Holiday,2015,5,17,6,20,2,137,1,0,0,0.49999999999999994,-0.8660254037844387,-0.7818314824680299,0.6234898018587334,136,2281.1,2288.35,1832.25,2675.65,2514.235714285714,2385.2678571428573,2313.451666666667,413.0735504667887,0,0,0,0,Summer,13,62,0,0
2015-05-18,2209.65,57,134,16.73977272727273,False,37.02,43.84,27.88,0.0,20.02,1.41,False,No Holiday,2015,5,18,0,21,2,138,0,0,0,0.49999999999999994,-0.8660254037844387,0.0,1.0,137,1828.4,2388.05,2288.9,2286.2,2448.5285714285715,2384.9928571428572,2285.21,485.2667340899089,0,0,1,0,Summer,14,61,0,0
2015-05-19,1987.0,46,119,17.42982456140351,False,38.28,45.73,30.85,0.0,16.92,2.43,False,No Holiday,2015,5,19,1,21,2,139,0,0,0,0.49999999999999994,-0.8660254037844387,0.7818314824680298,0.6234898018587336,138,2209.65,2299.7,1713.6,1527.95,2423.042857142857,2379.332142857143,2282.6583333333333,493.58577136144925,0,0,1,0,Summer,15,60,0,0
2015-05-20,2373.0,64,141,17.32116788321168,False,36.09,43.55,28.62,1.53,17.14,4.2,False,No Holiday,2015,5,20,2,21,2,140,0,0,0,0.49999999999999994,-0.8660254037844387,0.9749279121818236,-0.22252093395631434,139,1987.0,2261.8,2309.8,2459.45,2378.371428571429,2398.8607142857145,2297.9599999999996,520.0501000361597,0,0,1,0,Summer,16,59,0,0
2015-05-21,2062.55,58,123,16.906147540983607,False,36.47,44.82,27.82,0.0,15.53,4.11,False,No Holiday,2015,5,21,3,21,2,141,0,0,0,0.49999999999999994,-0.8660254037844387,0.43388373911755823,-0.900968867902419,140,2373.0,2694.5,2228.85,2213.15,2394.2571428571428,2403.375,2295.078333333333,517.5883341908673,0,0,1,0,Summer,17,58,0,0
2015-05-22,2635.1,71,154,17.567333333333334,False,37.27,45.41,28.68,0.0,15.6,3.82,False,No Holiday,2015,5,22,4,21,2,142,0,0,0,0.49999999999999994,-0.8660254037844387,-0.433883739117558,-0.9009688679024191,141,2062.55,3386.15,3052.3,2193.45,2303.9785714285713,2391.496428571428,2290.0583333333334,511.56922214654384,0,0,1,0,Summer,18,57,0,0
2015-05-23,2444.15,59,148,17.334397163120567,False,37.11,45.93,27.18,0.0,13.32,4.24,False,No Holiday,2015,5,23,5,21,2,143,1,0,0,0.49999999999999994,-0.8660254037844387,-0.9749279121818236,-0.2225209339563146,142,2635.1,2281.1,2368.4,2426.15,2196.6857142857143,2361.6964285714284,2304.78,267.1399488318918,0,0,1,0,Summer,19,56,0,0
2015-05-24,2196.95,59,134,16.899615384615384,False,37.6,46.44,27.0,0.17,12.83,2.53,False,No Holiday,2015,5,24,6,21,2,144,1,0,0,0.49999999999999994,-0.8660254037844387,-0.7818314824680299,0.6234898018587334,143,2444.15,1828.4,2288.35,2979.2,2219.9785714285713,2367.1071428571427,2305.3799999999997,282.3996619113061,0,0,1,0,Summer,20,55,0,0
2015-05-25,2104.4,56,125,17.249180327868853,False,37.39,46.51,27.36,0.0,11.1,2.69,False,No Holiday,2015,5,25,0,22,2,145,0,0,0,0.49999999999999994,-0.8660254037844387,0.0,1.0,144,2196.95,2209.65,2388.05,2089.2,2272.6285714285714,2360.578571428571,2279.305,225.93870639538486,0,0,1,0,Summer,21,54,0,0
2015-05-26,1876.45,48,115,16.460087719298247,False,36.83,46.34,27.23,0.31,10.41,3.84,False,No Holiday,2015,5,26,1,22,2,146,0,0,0,0.49999999999999994,-0.8660254037844387,0.7818314824680298,0.6234898018587336,145,2104.4,1987.0,2299.7,1767.4,2257.592857142857,2340.317857142857,2279.811666666667,234.1800721463658,0,0,1,0,Summer,22,53,0,0
2015-05-27,2097.0,55,124,17.048780487804876,False,35.11,44.58,24.59,0.06,5.91,3.35,False,No Holiday,2015,5,27,2,22,2,147,0,0,0,0.49999999999999994,-0.8660254037844387,0.9749279121818236,-0.22252093395631434,146,1876.45,2373.0,2261.8,2180.8,2241.8,2310.0857142857144,2283.4466666666663,257.98750615743825,0,0,1,0,Summer,23,52,0,0
2015-05-28,2016.4,54,121,17.08813559322034,False,35.3,43.77,25.5,0.0,9.12,2.61,False,No Holiday,2015,5,28,3,22,2,148,0,0,0,0.49999999999999994,-0.8660254037844387,0.43388373911755823,-0.900968867902419,147,2097.0,2062.55,2694.5,1742.8,2202.3714285714286,2298.3142857142857,2280.6533333333336,255.67447867869024,0,0,1,0,Summer,24,51,0,0
2015-05-29,3001.2,68,181,16.673333333333332,False,36.73,45.2,27.07,0.01,19.41,2.86,False,No Holiday,2015,5,29,4,22,2,149,0,0,0,0.49999999999999994,-0.8660254037844387,-0.433883739117558,-0.9009688679024191,148,2016.4,2635.1,3386.15,1828.75,2195.7785714285715,2249.878571428572,2289.773333333333,260.4316014765106,0,0,1,0,Summer,25,50,0,0
2015-05-30,2486.95,59,150,17.27048611111111,False,36.96,44.1,28.7,0.0,19.94,2.94,False,No Holiday,2015,5,30,5,22,2,150,1,0,0,0.49999999999999994,-0.8660254037844387,-0.9749279121818236,-0.2225209339563146,149,3001.2,2444.15,2281.1,2667.5,2248.078571428571,2222.3821428571428,2328.8550000000005,374.9446724264171,0,0,1,0,Summer,26,49,0,0
2015-05-31,1717.65,50,108,15.904166666666669,False,36.86,44.21,29.42,0.0,19.46,2.68,False,No Holiday,2015,5,31,6,22,2,151,1,0,1,0.49999999999999994,-0.8660254037844387,-0.7818314824680299,0.6234898018587334,150,2486.95,2196.95,1828.4,2571.95,2254.192857142857,2237.0857142857144,2322.836666666667,379.0019584696237,0,0,1,0,Summer,27,48,0,0
2015-06-01,3067.75,72,184,17.043055555555554,False,35.93,42.92,29.9,0.38,17.44,1.55,False,No Holiday,2015,6,1,0,23,2,152,0,1,0,1.2246467991473532e-16,-1.0,0.0,1.0,151,1717.65,2104.4,2209.65,2400.2,2185.7214285714285,2229.175,2294.36,430.82054351468264,0,0,1,0,Summer,28,47,0,0
2015-06-02,2449.95,59,147,16.78047945205479,False,34.84,41.92,27.17,1.14,25.75,2.22,False,No Holiday,2015,6,2,1,23,2,153,0,0,0,1.2246467991473532e-16,-1.0,0.7818314824680298,0.6234898018587336,152,3067.75,1876.45,1987.0,1832.25,2323.3428571428567,2290.467857142857,2316.611666666666,540.4352670368058,0,0,0,0,Summer,29,46,0,0
2015-06-03,1907.05,51,113,17.02723214285714,False,35.07,41.81,27.57,0.44,22.55,1.25,False,No Holiday,2015,6,3,2,23,2,154,0,0,0,1.2246467991473532e-16,-1.0,0.9749279121818236,-0.22252093395631434,153,2449.95,2097.0,2373.0,2288.9,2405.2714285714287,2323.535714285714,2337.2016666666664,503.61224738312944,0,0,1,0,Summer,30,45,0,0
2015-06-04,2283.6,56,141,16.66861313868613,False,35.32,41.57,29.5,0.38,22.1,1.75,False,No Holiday,2015,6,4,3,23,2,155,0,0,0,1.2246467991473532e-16,-1.0,0.43388373911755823,-0.900968867902419,154,1907.05,2016.4,2062.55,1713.6,2378.1357142857146,2290.2535714285714,2324.4733333333334,527.5399927290556,0,0,1,0,Summer,31,44,0,0
2015-06-05,2700.15,69,159,17.089556962025316,False,35.16,42.29,26.78,0.1,23.04,2.1,False,No Holiday,2015,6,5,4,23,2,156,0,0,0,1.2246467991473532e-16,-1.0,-0.433883739117558,-0.9009688679024191,155,2283.6,3001.2,2635.1,2309.8,2416.307142857143,2306.042857142857,2343.4733333333334,506.2403138403178,0,0,1,0,Summer,32,43,0,0
2015-06-06,2280.95,61,136,17.15,False,35.34,41.7,28.45,0.0,22.92,2.57,False,No Holiday,2015,6,6,5,23,2,157,1,0,0,1.2246467991473532e-16,-1.0,-0.9749279121818236,-0.2225209339563146,156,2700.15,2486.95,2444.15,2228.85,2373.2999999999997,2310.6892857142857,2356.485,458.8382694370651,0,0,1,0,Summer,33,42,0,0
2015-06-07,1960.75,55,117,16.75854700854701,False,36.5,43.9,27.94,0.0,20.99,2.48,False,No Holiday,2015,6,7,6,23,2,158,1,0,0,1.2246467991473532e-16,-1.0,-0.7818314824680299,0.6234898018587334,157,2280.95,1717.65,2196.95,3052.3,2343.871428571428,2299.032142857143,2358.2216666666664,456.9364031762186,0,0,1,0,Summer,34,41,0,0
2015-06-08,2264.95,58,136,17.557751937984495,False,38.25,45.9,29.52,0.0,15.93,2.74,False,No Holiday,2015,6,8,0,24,2,159,0,0,0,1.2246467991473532e-16,-1.0,0.0,1.0,158,1960.75,3067.75,2104.4,2368.4,2378.5999999999995,2282.160714285714,2321.8366666666666,408.0301245006314,0,0,1,0,Summer,35,40,0,0
2015-06-09,2442.55,65,147,16.845172413793104,False,39.17,46.13,31.6,0.0,17.4,4.38,False,No Holiday,2015,6,9,1,24,2,160,0,0,0,1.2246467991473532e-16,-1.0,0.7818314824680298,0.6234898018587336,159,2264.95,2449.95,1876.45,2288.35,2263.9142857142856,2293.6285714285714,2318.388333333334,272.289797694611,0,0,1,0,Summer,36,39,0,0
2015-06-10,2019.4,54,124,17.408620689655173,False,36.94,41.78,32.15,0.0,28.88,5.72,False,No Holiday,2015,6,10,2,24,2,161,0,0,0,1.2246467991473532e-16,-1.0,0.9749279121818236,-0.22252093395631434,160,2442.55,1907.05,2097.0,2388.05,2262.8571428571427,2334.0642857142857,2323.528333333333,271.4602525057342,0,0,1,0,Summer,37,38,0,0
2015-06-11,2650.5,68,158,17.4375,False,37.54,43.82,31.31,0.5,26.36,4.5,False,No Holiday,2015,6,11,3,24,2,162,0,0,0,1.2246467991473532e-16,-1.0,0.43388373911755823,-0.900968867902419,161,2019.4,2283.6,2016.4,2299.7,2278.907142857143,2328.5214285714287,2311.24,249.33693807873112,0,0,1,0,Summer,38,37,0,0
2015-06-12,2138.6,61,131,16.57829457364341,False,37.42,43.79,31.04,0.0,30.43,3.82,False,No Holiday,2015,6,12,4,24,2,163,0,0,0,1.2246467991473532e-16,-1.0,-0.433883739117558,-0.9009688679024191,162,2650.5,2700.15,3001.2,2261.8,2331.3214285714284,2373.8142857142852,2322.9333333333334,286.31040244395564,0,0,1,0,Summer,39,36,0,0
2015-06-13,2508.9,64,153,16.726,False,34.92,39.07,29.87,17.22,38.4,2.14,False,No Holiday,2015,6,13,5,24,2,164,1,0,0,1.2246467991473532e-16,-1.0,-0.9749279121818236,-0.2225209339563146,163,2138.6,2280.95,2486.95,2694.5,2251.1,2312.2,2318.8266666666664,240.79748406769977,1,0,0,0,Summer,40,35,0,0
2015-06-14,1859.0,48,113,16.9,False,33.34,38.93,27.75,1.97,41.4,1.66,False,No Holiday,2015,6,14,6,24,2,165,1,0,0,1.2246467991473532e-16,-1.0,-0.7818314824680299,0.6234898018587334,164,2508.9,1960.75,1717.65,3386.15,2283.6642857142856,2313.7678571428573,2312.64,260.1433446427288,0,0,0,0,Summer,41,34,0,0
2015-06-15,2595.6,73,152,17.304,False,34.0,40.24,27.77,0.01,41.44,1.49,False,No Holiday,2015,6,15,0,25,2,166,0,0,0,1.2246467991473532e-16,-1.0,0.0,1.0,165,1859.0,2264.95,3067.75,2281.1,2269.1285714285714,2323.8642857142854,2261.735,283.0295830491102,0,0,0,0,Summer,42,33,0,0
2015-06-16,1898.3,54,116,16.799115044247788,False,34.27,40.17,28.13,0.0,39.89,1.3,False,No Holiday,2015,6,16,1,25,2,167,0,0,0,1.2246467991473532e-16,-1.0,0.7818314824680298,0.6234898018587336,166,2595.6,2442.55,2449.95,1828.4,2316.364285714286,2290.1392857142855,2272.218333333333,308.6481582566773,0,0,0,0,Summer,43,32,0,0
2015-06-17,2137.1,54,126,17.23467741935484,False,35.21,41.86,28.92,0.0,34.04,1.44,False,No Holiday,2015,6,17,2,25,2,168,0,0,0,1.2246467991473532e-16,-1.0,0.9749279121818236,-0.22252093395631434,167,1898.3,2019.4,1907.05,2209.65,2238.6142857142854,2250.7357142857145,2274.548333333333,338.6545901483873,0,0,1,0,Summer,44,31,0,0
2015-06-18,1984.5,56,116,17.407894736842106,False,36.48,42.51,30.18,0.16,27.94,0.95,False,No Holiday,2015,6,18,3,25,2,169,0,0,0,1.2246467991473532e-16,-1.0,0.43388373911755823,-0.900968867902419,168,2137.1,2650.5,2283.6,1987.0,2255.4285714285716,2267.167857142857,2272.13,328.73312232613023,0,0,1,0,Summer,45,30,0,0
2015-06-19,2793.45,74,167,16.727245508982033,False,37.43,43.84,30.48,0.03,24.54,1.48,False,No Holiday,2015,6,19,4,25,2,170,0,0,0,1.2246467991473532e-16,-1.0,-0.433883739117558,-0.9009688679024191,169,1984.5,2138.6,2700.15,2373.0,2160.285714285714,2245.8035714285716,2272.046666666667,289.3522963941571,0,0,1,0,Summer,46,29,0,0
2015-06-20,2060.6,48,128,16.61774193548387,False,37.04,42.4,31.21,0.73,33.33,2.09,False,No Holiday,2015,6,20,5,25,2,171,1,0,0,1.2246467991473532e-16,-1.0,-0.9749279121818236,-0.2225209339563146,170,2793.45,2508.9,2280.95,2062.55,2253.835714285714,2252.467857142857,2286.061666666667,374.50278894632027,0,0,1,0,Summer,47,28,0,0
2015-06-21,1925.2,51,115,16.887719298245614,False,35.87,40.14,31.22,6.06,39.34,1.52,False,No Holiday,2015,6,21,6,25,2,172,1,0,0,1.2246467991473532e-16,-1.0,-0.7818314824680299,0.6234898018587334,171,2060.6,1859.0,1960.75,2635.1,2189.792857142857,2236.7285714285713,2285.996666666667,361.7286902599012,1,0,1,0,Summer,48,27,0,0
2015-06-22,2319.3,55,140,16.92919708029197,False,35.37,39.96,30.16,1.1,41.82,1.06,False,No Holiday,2015,6,22,0,26,2,173,0,0,0,1.2246467991473532e-16,-1.0,0.0,1.0,172,1925.2,2595.6,2264.95,2444.15,2199.25,2234.1892857142857,2262.3333333333335,352.38361553852167,0,0,1,0,Summer,49,26,0,0
2015-06-23,2042.75,59,124,16.607723577235774,False,36.54,42.37,31.58,2.29,36.13,1.09,False,No Holiday,2015,6,23,1,26,2,174,0,0,0,1.2246467991473532e-16,-1.0,0.7818314824680298,0.6234898018587336,173,2319.3,1898.3,2442.55,2196.95,2159.7785714285715,2238.0714285714284,2258.171666666667,313.9686819004188,0,0,1,0,Summer,50,25,0,0
2015-06-24,2327.5,62,137,17.113970588235293,False,34.75,40.07,29.16,0.88,35.92,1.85,False,No Holiday,2015,6,24,2,26,2,175,0,0,0,1.2246467991473532e-16,-1.0,0.9749279121818236,-0.22252093395631434,174,2042.75,2137.1,2019.4,2104.4,2180.414285714286,2209.514285714286,2253.031666666667,298.27331246454503,0,0,0,0,Summer,51,24,0,0
2015-06-25,2399.15,60,148,16.66076388888889,False,28.15,30.14,25.5,37.14,70.72,2.18,False,No Holiday,2015,6,25,3,26,2,176,0,0,0,1.2246467991473532e-16,-1.0,0.43388373911755823,-0.900968867902419,175,2327.5,1984.5,2650.5,1876.45,2207.6142857142854,2231.5214285714287,2260.4683333333332,302.31909565100045,1,1,0,0,Summer,52,23,0,0
2015-06-26,2745.5,64,163,17.0527950310559,False,32.14,39.3,24.52,0.0,45.71,3.18,False,No Holiday,2015,6,26,4,26,2,177,0,0,0,1.2246467991473532e-16,-1.0,-0.433883739117558,-0.9009688679024191,176,2399.15,2793.45,2138.6,2097.0,2266.85,2213.567857142857,2277.891666666667,291.75471147295514,0,0,0,0,Summer,53,22,0,0
2015-06-27,2812.9,71,173,16.8437125748503,False,33.22,39.86,26.65,0.09,50.18,3.61,False,No Holiday,2015,6,27,5,26,2,178,1,0,0,1.2246467991473532e-16,-1.0,-0.9749279121818236,-0.2225209339563146,177,2745.5,2060.6,2508.9,2016.4,2260.0,2256.9178571428574,2299.508333333333,277.54719568630844,0,0,0,0,Summer,54,21,0,0
2015-06-28,1569.7,45,95,16.878494623655914,False,34.63,41.69,27.14,0.0,42.43,2.6,False,No Holiday,2015,6,28,6,26,2,179,1,0,0,1.2246467991473532e-16,-1.0,-0.7818314824680299,0.6234898018587334,178,2812.9,1925.2,1859.0,3001.2,2367.471428571429,2278.6321428571428,2326.0583333333334,328.45140921342727,0,0,0,0,Summer,55,20,0,0
2015-06-29,1873.6,53,118,15.877966101694916,False,33.99,39.55,27.88,2.3,44.21,1.61,False,No Holiday,2015,6,29,0,27,2,180,0,0,0,1.2246467991473532e-16,-1.0,0.0,1.0,179,1569.7,2319.3,2595.6,2486.95,2316.6857142857143,2257.967857142857,2278.3416666666667,422.3077242113528,0,0,0,0,Summer,56,19,0,0
2015-06-30,2210.95,53,130,17.54722222222222,False,32.42,37.52,26.49,23.91,56.14,0.92,False,No Holiday,2015,6,30,1,27,2,181,0,0,1,1.2246467991473532e-16,-1.0,0.7818314824680298,0.6234898018587336,180,1873.6,2042.75,1898.3,1717.65,2253.0142857142855,2206.3964285714287,2257.8966666666665,454.2397758107188,1,1,0,0,Summer,57,18,0,0
2015-07-01,2231.5,66,137,16.652985074626866,False,32.91,38.36,26.8,7.07,53.1,1.13,False,No Holiday,2015,7,1,2,27,3,182,0,1,0,-0.4999999999999997,-0.8660254037844388,0.9749279121818236,-0.22252093395631434,181,2210.95,2327.5,2137.1,3067.75,2277.042857142857,2228.7285714285713,2274.3399999999997,445.63052187188686,1,0,0,0,Monsoon,58,17,0,0
2015-07-02,2294.8,63,138,16.99851851851852,False,33.18,38.65,27.74,0.21,47.9,1.84,False,No Holiday,2015,7,2,3,27,3,183,0,0,0,-0.4999999999999997,-0.8660254037844388,0.43388373911755823,-0.900968867902419,182,2231.5,2399.15,1984.5,2449.95,2263.328571428571,2235.4714285714285,2246.4649999999997,445.2959744719832,0,0,0,0,Monsoon,59,16,0,0
2015-07-03,3443.0,93,213,16.632850241545892,False,34.64,40.92,28.25,0.31,45.94,3.18,False,No Holiday,2015,7,3,4,27,3,184,0,0,0,-0.4999999999999997,-0.8660254037844388,-0.433883739117558,-0.9009688679024191,183,2294.8,2745.5,2793.45,1907.05,2248.421428571429,2257.6357142857146,2241.2933333333335,441.7236050001023,0,0,0,0,Monsoon,60,15,0,0
2015-07-04,3864.2,105,234,16.584549356223174,False,35.16,40.67,30.01,0.24,44.58,3.77,False,No Holiday,2015,7,4,5,27,3,185,1,0,0,-0.4999999999999997,-0.8660254037844388,-0.9749279121818236,-0.2225209339563146,184,3443.0,2812.9,2060.6,2283.6,2348.0642857142857,2304.032142857143,2292.491666666667,616.5966298388048,0,0,1,0,Monsoon,61,14,0,0
2015-07-05,1591.45,41,96,16.752105263157894,False,34.77,41.18,29.15,11.07,52.07,2.86,False,No Holiday,2015,7,5,6,27,3,186,1,0,0,-0.4999999999999997,-0.8660254037844388,-0.7818314824680299,0.6234898018587334,185,3864.2,1569.7,1925.2,2700.15,2498.25,2432.8607142857145,2345.178333333333,837.2428406183401,1,0,0,0,Monsoon,62,13,0,0
2015-07-06,2116.9,58,130,16.53828125,False,32.65,36.64,28.15,15.92,59.65,1.98,False,No Holiday,2015,7,6,0,28,3,187,0,0,0,-0.4999999999999997,-0.8660254037844388,0.0,1.0,186,1591.45,1873.6,2319.3,2280.95,2501.3571428571427,2409.0214285714287,2308.221666666667,833.2533630438045,1,0,0,0,Monsoon,63,12,0,0
2015-07-07,2374.4,53,142,17.458823529411767,False,32.06,34.76,29.15,12.8,59.36,0.52,False,No Holiday,2015,7,7,1,28,3,188,0,0,0,-0.4999999999999997,-0.8660254037844388,0.7818314824680298,0.6234898018587336,187,2116.9,2210.95,2042.75,1960.75,2536.1142857142863,2394.5642857142857,2302.7533333333336,807.3762912020879,1,0,0,0,Monsoon,64,11,0,0
2015-07-08,2396.05,66,142,17.237769784172663,False,32.38,35.65,28.91,5.99,57.21,0.66,False,No Holiday,2015,7,8,2,28,3,189,0,0,0,-0.4999999999999997,-0.8660254037844388,0.9749279121818236,-0.22252093395631434,188,2374.4,2231.5,2327.5,2264.95,2559.464285714286,2418.253571428572,2316.5416666666665,798.7221036935013,1,0,0,0,Monsoon,65,10,0,0
2015-07-09,2297.75,58,135,17.276315789473685,False,32.35,36.08,29.15,3.88,57.66,1.04,False,No Holiday,2015,7,9,3,28,3,190,0,0,0,-0.4999999999999997,-0.8660254037844388,0.43388373911755823,-0.900968867902419,189,2396.05,2294.8,2399.15,2442.55,2582.9714285714285,2423.15,2320.9116666666664,789.8330571799881,0,0,0,0,Monsoon,66,9,0,0
2015-07-10,2432.4,71,148,16.891666666666666,False,29.55,32.39,27.07,39.58,72.84,1.96,False,No Holiday,2015,7,10,4,28,3,191,0,0,0,-0.4999999999999997,-0.8660254037844388,-0.433883739117558,-0.9009688679024191,190,2297.75,3443.0,2745.5,2019.4,2583.3928571428573,2415.907142857143,2316.085,789.6544388890268,1,1,0,0,Monsoon,67,8,0,0
2015-07-11,2085.55,53,125,16.818951612903227,False,28.07,31.08,25.52,88.39,83.68,2.59,False,No Holiday,2015,7,11,5,28,3,192,1,0,0,-0.4999999999999997,-0.8660254037844388,-0.9749279121818236,-0.2225209339563146,191,2432.4,3864.2,2812.9,2650.5,2439.0214285714287,2393.542857142857,2329.851666666667,692.7358123514955,1,1,0,0,Monsoon,68,7,1,0
2015-07-12,2185.65,58,128,17.075390625,False,28.23,30.69,25.63,14.58,84.73,3.24,False,No Holiday,2015,7,12,6,28,3,193,1,0,0,-0.4999999999999997,-0.8660254037844388,-0.7818314824680299,0.6234898018587334,192,2085.55,1591.45,1569.7,2138.6,2184.9285714285716,2341.589285714286,2311.0199999999995,294.7211292860077,1,0,0,0,Monsoon,69,6,1,0
2015-07-13,2059.5,54,124,16.881147540983605,False,28.8,32.62,25.7,2.7,81.41,1.33,False,No Holiday,2015,7,13,0,29,3,194,0,0,0,-0.4999999999999997,-0.8660254037844388,0.0,1.0,193,2185.65,2116.9,1873.6,2508.9,2269.8142857142857,2385.5857142857144,2312.5883333333336,140.53936493110658,0,0,0,0,Monsoon,70,5,1,0
2015-07-14,1956.5,59,119,16.72222222222222,False,29.63,34.04,25.26,0.79,75.47,2.48,False,No Holiday,2015,7,14,1,29,3,195,0,0,0,-0.4999999999999997,-0.8660254037844388,0.7818314824680298,0.6234898018587336,194,2059.5,2374.4,2210.95,1859.0,2261.614285714286,2398.8642857142854,2297.608333333333,152.14385658066755,0,0,0,0,Monsoon,71,4,1,0
2015-07-15,2501.8,62,154,16.45921052631579,False,30.34,35.42,26.3,0.32,71.28,3.76,False,No Holiday,2015,7,15,2,29,3,196,0,0,0,-0.4999999999999997,-0.8660254037844388,0.9749279121818236,-0.22252093395631434,195,1956.5,2396.05,2231.5,2595.6,2201.914285714286,2380.6892857142857,2300.858333333333,179.95925398611377,0,0,0,0,Monsoon,72,3,1,0
2015-07-16,2463.9,56,146,17.474468085106384,False,30.64,36.16,25.54,0.23,68.61,2.89,False,No Holiday,2015,7,16,3,29,3,197,0,0,0,-0.4999999999999997,-0.8660254037844388,0.43388373911755823,-0.900968867902419,196,2501.8,2297.75,2294.8,1898.3,2217.0214285714287,2399.996428571429,2297.731666666667,202.05493654190423,0,0,0,0,Monsoon,73,2,1,0
2015-07-17,3131.65,82,187,16.92783783783784,False,30.3,34.34,26.0,1.87,73.01,0.99,False,No Holiday,2015,7,17,4,29,3,198,0,0,0,-0.4999999999999997,-0.8660254037844388,-0.433883739117558,-0.9009688679024191,197,2463.9,2432.4,3443.0,2137.1,2240.7571428571428,2412.0750000000003,2316.585,221.90291501122022,0,0,0,0,Monsoon,74,1,1,0
2015-07-18,2122.2,54,130,16.5796875,False,30.82,34.6,26.29,1.8,71.25,0.88,True,Eid al-Fitr,2015,7,18,5,29,3,199,1,0,0,-0.4999999999999997,-0.8660254037844388,-0.9749279121818236,-0.2225209339563146,198,3131.65,2085.55,3864.2,1984.5,2340.65,2389.835714285714,2349.736666666666,404.6723860112039,0,0,0,0,Monsoon,0,0,1,1
2015-07-19,2022.7,53,121,17.141525423728815,False,29.82,32.87,26.11,2.12,73.89,0.74,False,No Holiday,2015,7,19,6,29,3,200,1,0,0,-0.4999999999999997,-0.8660254037844388,-0.7818314824680299,0.6234898018587334,199,2122.2,2185.65,1591.45,2793.45,2345.8857142857146,2265.4071428571433,2354.326666666667,401.0425878406253,0,0,0,0,Monsoon,1,27,1,1
2015-07-20,2501.0,59,149,17.368055555555557,False,29.73,32.67,26.71,2.53,74.55,0.66,False,No Holiday,2015,7,20,0,30,3,201,0,0,0,-0.4999999999999997,-0.8660254037844388,0.0,1.0,200,2022.7,2059.5,2116.9,2060.6,2322.6071428571427,2296.2107142857144,2328.635,416.3314429119469,0,0,0,0,Monsoon,2,26,1,0
2015-07-21,2030.85,55,119,17.357692307692307,False,30.32,34.4,26.52,1.53,74.48,1.3,False,No Holiday,2015,7,21,1,30,3,202,0,0,0,-0.4999999999999997,-0.8660254037844388,0.7818314824680298,0.6234898018587336,201,2501.0,1956.5,2374.4,1925.2,2385.6785714285716,2323.6464285714287,2343.315,403.0599271584232,0,0,0,0,Monsoon,3,25,0,0
2015-07-22,2292.1,65,137,17.233834586466166,False,29.93,33.79,26.3,0.75,77.49,1.46,False,No Holiday,2015,7,22,2,30,3,203,0,0,0,-0.4999999999999997,-0.8660254037844388,0.9749279121818236,-0.22252093395631434,202,2030.85,2501.8,2396.05,2319.3,2396.2999999999997,2299.1071428571427,2346.8366666666666,390.6539805249667,0,0,0,0,Monsoon,4,24,0,0
2015-07-23,2214.5,65,137,16.650375939849624,False,30.02,34.13,26.61,0.02,77.08,1.87,False,No Holiday,2015,7,23,3,30,3,204,0,0,0,-0.4999999999999997,-0.8660254037844388,0.43388373911755823,-0.900968867902419,203,2292.1,2463.9,2297.75,2042.75,2366.342857142857,2291.682142857143,2345.93,389.25325349590054,0,0,0,0,Monsoon,5,23,0,0
2015-07-24,3204.4,75,196,17.04468085106383,False,30.15,34.62,26.33,0.25,73.64,1.71,False,No Holiday,2015,7,24,4,30,3,205,0,0,0,-0.4999999999999997,-0.8660254037844388,-0.433883739117558,-0.9009688679024191,204,2214.5,3131.65,2432.4,2327.5,2330.714285714286,2285.735714285714,2351.6549999999997,390.2481397716573,0,0,0,0,Monsoon,6,22,0,0
2015-07-25,2237.25,57,135,16.69589552238806,False,30.17,34.42,26.02,5.96,72.54,1.77,False,No Holiday,2015,7,25,5,30,3,206,1,0,0,-0.4999999999999997,-0.8660254037844388,-0.9749279121818236,-0.2225209339563146,205,3204.4,2122.2,2085.55,2399.15,2341.1071428571427,2340.878571428572,2380.8849999999998,415.2979436787647,1,0,0,0,Monsoon,7,21,0,0
2015-07-26,1871.55,57,112,17.329166666666666,False,29.36,34.05,26.22,2.31,76.13,3.74,False,No Holiday,2015,7,26,6,30,3,207,1,0,0,-0.4999999999999997,-0.8660254037844388,-0.7818314824680299,0.6234898018587334,206,2237.25,2022.7,2185.65,2745.5,2357.542857142857,2351.714285714286,2375.4883333333332,407.39197589521865,0,0,0,0,Monsoon,8,20,0,0
2015-07-27,2172.0,53,129,17.238095238095237,False,29.31,34.1,25.1,1.11,75.26,3.15,False,No Holiday,2015,7,27,0,31,3,208,0,0,0,-0.4999999999999997,-0.8660254037844388,0.0,1.0,207,1871.55,2501.0,2059.5,2812.9,2335.95,2329.2785714285715,2346.3566666666666,431.39596853316505,0,0,0,0,Monsoon,9,19,0,0
2015-07-28,2094.55,60,132,16.111923076923077,False,29.28,34.75,24.79,0.05,68.73,2.78,False,No Holiday,2015,7,28,1,31,3,209,0,0,0,-0.4999999999999997,-0.8660254037844388,0.7818314824680298,0.6234898018587336,208,2172.0,2030.85,1956.5,1569.7,2288.95,2337.3142857142857,2324.9933333333333,428.3281432889205,0,0,0,0,Monsoon,10,18,0,0
2015-07-29,1923.25,49,116,16.723913043478262,False,29.01,34.49,23.76,0.1,71.34,2.92,False,No Holiday,2015,7,29,2,31,3,210,0,0,0,-0.4999999999999997,-0.8660254037844388,0.9749279121818236,-0.22252093395631434,209,2094.55,2292.1,2501.8,1873.6,2298.0499999999997,2347.175,2342.4883333333332,422.568745886395,0,0,0,0,Monsoon,11,17,0,0
2015-07-30,2349.15,67,149,16.427622377622377,False,30.35,35.38,25.67,0.06,68.04,2.48,False,No Holiday,2015,7,30,3,31,3,211,0,0,0,-0.4999999999999997,-0.8660254037844388,0.43388373911755823,-0.900968867902419,210,1923.25,2214.5,2463.9,2210.95,2245.3571428571427,2305.85,2344.1433333333334,445.7932905026088,0,0,0,0,Monsoon,12,16,0,0
2015-07-31,2095.4,68,132,15.995419847328243,False,29.58,33.84,25.55,5.45,70.69,2.4,False,No Holiday,2015,7,31,4,31,3,212,0,0,1,-0.4999999999999997,-0.8660254037844388,-0.433883739117558,-0.9009688679024191,211,2349.15,3204.4,3131.65,2231.5,2264.592857142857,2297.6535714285715,2348.75,447.1429026129604,1,0,0,0,Monsoon,13,15,0,0
2015-08-01,2440.55,74,154,16.270333333333333,False,29.27,33.91,25.57,1.41,71.7,1.87,False,No Holiday,2015,8,1,5,31,3,213,1,1,0,-0.8660254037844385,-0.5000000000000004,-0.9749279121818236,-0.2225209339563146,212,2095.4,2237.25,2122.2,2294.8,2106.1642857142856,2223.6357142857146,2344.2133333333336,167.98418753532954,0,0,0,0,Monsoon,14,14,0,0
2015-08-02,1910.15,48,114,17.365000000000002,False,28.98,33.8,25.25,6.3,70.87,1.04,False,No Holiday,2015,8,2,6,31,3,214,1,0,0,-0.8660254037844385,-0.5000000000000004,-0.7818314824680299,0.6234898018587334,213,2440.55,1871.55,2022.7,3443.0,2135.207142857143,2246.375,2349.071666666667,207.3797049467707,1,0,0,0,Monsoon,15,13,0,0
2015-08-03,1982.25,58,117,17.388157894736842,False,28.81,32.23,24.87,0.05,73.28,1.22,False,No Holiday,2015,8,3,0,32,3,215,0,0,0,-0.8660254037844385,-0.5000000000000004,0.0,1.0,214,1910.15,2172.0,2501.0,3864.2,2140.7214285714285,2238.3357142857144,2297.976666666667,199.5665424888464,0,0,0,0,Monsoon,16,12,0,0
2015-08-04,2090.15,58,122,17.27396694214876,False,31.78,36.38,25.67,0.03,59.94,1.08,False,No Holiday,2015,8,4,1,32,3,216,0,0,0,-0.8660254037844385,-0.5000000000000004,0.7818314824680298,0.6234898018587336,215,1982.25,2094.55,2030.85,1591.45,2113.614285714286,2201.282142857143,2235.2450000000003,207.34516053006442,0,0,0,0,Monsoon,17,11,0,0
2015-08-05,2094.85,60,130,16.49488188976378,False,32.46,36.57,27.65,6.08,60.28,0.95,False,No Holiday,2015,8,5,2,32,3,217,0,0,0,-0.8660254037844385,-0.5000000000000004,0.9749279121818236,-0.22252093395631434,216,2090.15,1923.25,2292.1,2116.9,2112.985714285714,2205.5178571428573,2251.8683333333333,207.4192427474,1,0,0,0,Monsoon,18,10,0,0
2015-08-06,2099.25,61,132,15.903409090909092,False,31.91,36.18,27.89,7.19,64.01,1.38,False,No Holiday,2015,8,6,3,32,3,218,0,0,0,-0.8660254037844385,-0.5000000000000004,0.43388373911755823,-0.900968867902419,217,2094.85,2349.15,2214.5,2374.4,2137.5000000000005,2191.4285714285716,2251.133333333333,190.72627200607022,1,0,0,0,Monsoon,19,9,0,0
2015-08-07,2626.4,65,161,16.94451612903226,False,30.7,35.34,26.59,10.4,71.19,1.59,False,No Holiday,2015,8,7,4,32,3,219,0,0,0,-0.8660254037844385,-0.5000000000000004,-0.433883739117558,-0.9009688679024191,218,2099.25,2095.4,3204.4,2396.05,2101.8,2183.1964285714284,2241.961666666667,166.3354918029624,1,0,0,0,Monsoon,20,8,0,0
2015-08-08,2716.4,69,167,16.463030303030305,False,29.76,33.64,26.35,22.71,76.37,1.72,False,No Holiday,2015,8,8,5,32,3,220,1,0,0,-0.8660254037844385,-0.5000000000000004,-0.9749279121818236,-0.2225209339563146,219,2626.4,2440.55,2237.25,2297.75,2177.657142857143,2141.910714285714,2249.6400000000003,258.4856643809796,1,1,0,0,Monsoon,21,7,1,0
2015-08-09,2002.65,55,126,16.150403225806453,False,28.2,31.27,25.61,24.49,82.51,1.82,False,No Holiday,2015,8,9,6,32,3,221,1,0,0,-0.8660254037844385,-0.5000000000000004,-0.7818314824680299,0.6234898018587334,220,2716.4,1910.15,1871.55,2432.4,2217.0642857142857,2176.1357142857146,2263.5950000000003,319.1524671092252,1,1,0,0,Monsoon,22,6,1,0
2015-08-10,2139.45,59,125,17.253629032258065,False,30.43,34.63,25.38,7.23,69.25,1.0,False,No Holiday,2015,8,10,0,33,3,222,0,0,0,-0.8660254037844385,-0.5000000000000004,0.0,1.0,221,2002.65,1982.25,2172.0,2085.55,2230.2785714285715,2185.5,2249.27,305.96965244005173,1,0,0,0,Monsoon,23,5,1,0
2015-08-11,2290.0,64,137,17.08955223880597,False,29.89,34.18,26.79,11.25,75.39,1.16,False,No Holiday,2015,8,11,1,33,3,223,0,0,0,-0.8660254037844385,-0.5000000000000004,0.7818314824680298,0.6234898018587336,222,2139.45,2090.15,2094.55,2185.65,2252.735714285714,2183.175,2251.0666666666666,290.0879072429112,1,0,0,0,Monsoon,24,4,1,0
2015-08-12,2365.75,54,144,16.543706293706293,False,29.7,33.3,25.59,3.86,76.23,0.85,False,No Holiday,2015,8,12,2,33,3,224,0,0,0,-0.8660254037844385,-0.5000000000000004,0.9749279121818236,-0.22252093395631434,223,2290.0,2094.85,1923.25,2059.5,2281.285714285714,2197.1357142857146,2254.545,281.1152665638041,0,0,0,0,Monsoon,25,3,1,0
2015-08-13,2074.15,55,132,15.955,False,30.42,34.27,26.53,1.19,70.9,0.68,False,No Holiday,2015,8,13,3,33,3,225,0,0,0,-0.8660254037844385,-0.5000000000000004,0.43388373911755823,-0.900968867902419,224,2365.75,2099.25,2349.15,1956.5,2319.985714285714,2228.7428571428572,2264.7533333333336,269.5820433471762,0,0,0,0,Monsoon,26,2,1,0
2015-08-14,3016.6,81,188,16.305945945945947,False,30.97,34.18,27.26,1.66,73.42,0.66,False,No Holiday,2015,8,14,4,33,3,226,0,0,0,-0.8660254037844385,-0.5000000000000004,-0.433883739117558,-0.9009688679024191,225,2074.15,2626.4,2095.4,2501.8,2316.4,2209.1,2268.675,273.15069406221056,0,0,0,0,Monsoon,27,1,1,0
2015-08-15,2252.35,72,140,16.203956834532374,False,30.18,33.0,27.37,16.96,77.49,0.94,True,Independence Day,2015,8,15,5,33,3,227,1,0,0,-0.8660254037844385,-0.5000000000000004,-0.9749279121818236,-0.2225209339563146,226,3016.6,2716.4,2440.55,2463.9,2372.1428571428573,2274.9,2285.8349999999996,369.706412157643,1,0,0,0,Monsoon,0,0,1,1
2015-08-16,2139.3,50,128,16.97857142857143,False,29.2,32.64,26.02,7.79,81.09,1.22,False,No Holiday,2015,8,16,6,33,3,228,1,0,0,-0.8660254037844385,-0.5000000000000004,-0.7818314824680299,0.6234898018587334,227,2252.35,2002.65,1910.15,3131.65,2305.85,2261.4571428571426,2278.7833333333333,337.92778691114955,1,0,0,0,Monsoon,1,20,1,1
2015-08-17,2626.0,62,161,16.833333333333332,False,29.81,33.8,25.5,1.93,75.36,1.37,False,No Holiday,2015,8,17,0,34,3,229,0,0,0,-0.8660254037844385,-0.5000000000000004,0.0,1.0,228,2139.3,2139.45,1982.25,2122.2,2325.371428571428,2277.8250000000003,2245.705,321.0171839340584,0,0,0,0,Monsoon,2,19,1,0
2015-08-18,2101.2,57,128,16.54488188976378,False,30.22,34.64,26.0,3.97,74.1,1.88,False,No Holiday,2015,8,18,1,34,3,230,0,0,0,-0.8660254037844385,-0.5000000000000004,0.7818314824680298,0.6234898018587336,229,2626.0,2290.0,2090.15,2022.7,2394.878571428572,2323.807142857143,2262.4983333333334,326.67625520427185,0,0,0,0,Monsoon,3,18,0,0
2015-08-19,2332.95,56,138,17.54097744360902,False,29.33,33.54,25.65,8.02,75.38,3.0,False,No Holiday,2015,8,19,2,34,3,231,0,0,0,-0.8660254037844385,-0.5000000000000004,0.9749279121818236,-0.22252093395631434,230,2101.2,2365.75,2094.85,2501.0,2367.907142857143,2324.5964285714285,2265.1150000000002,344.1074534557633,1,0,0,0,Monsoon,4,17,0,0
2015-08-20,1907.7,55,116,16.588695652173914,False,28.9,33.4,25.33,4.02,74.58,3.05,False,No Holiday,2015,8,20,3,34,3,232,0,0,0,-0.8660254037844385,-0.5000000000000004,0.43388373911755823,-0.900968867902419,231,2332.95,2074.15,2099.25,2030.85,2363.2214285714285,2341.6035714285717,2259.5133333333333,344.3649455363982,0,0,0,0,Monsoon,5,16,0,0
2015-08-21,2601.4,69,163,16.15776397515528,False,28.41,32.8,24.19,12.68,75.86,2.49,False,No Holiday,2015,8,21,4,34,3,233,0,0,0,-0.8660254037844385,-0.5000000000000004,-0.433883739117558,-0.9009688679024191,232,1907.7,3016.6,2626.4,2292.1,2339.442857142857,2327.921428571429,2255.4083333333333,372.26845871916623,1,0,0,0,Monsoon,6,15,0,0
2015-08-22,2406.0,60,148,16.593103448275862,False,28.44,32.42,23.62,4.86,73.38,2.28,False,No Holiday,2015,8,22,5,34,3,234,1,0,0,-0.8660254037844385,-0.5000000000000004,-0.9749279121818236,-0.2225209339563146,233,2601.4,2252.35,2716.4,2214.5,2280.1285714285714,2326.1357142857146,2265.7183333333332,263.6143930332453,0,0,0,0,Monsoon,7,14,0,0
2015-08-23,1701.6,48,105,16.84752475247525,False,28.02,31.69,23.99,30.19,80.34,2.09,False,No Holiday,2015,8,23,6,34,3,235,1,0,0,-0.8660254037844385,-0.5000000000000004,-0.7818314824680299,0.6234898018587334,234,2406.0,2139.3,2002.65,3204.4,2302.078571428571,2303.964285714286,2272.101666666667,267.2871861518113,1,1,0,0,Monsoon,8,13,0,0
2015-08-24,1697.05,54,106,16.162380952380953,False,28.0,32.52,24.13,1.85,78.91,2.52,False,No Holiday,2015,8,24,0,35,3,236,0,0,0,-0.8660254037844385,-0.5000000000000004,0.0,1.0,235,1701.6,2626.0,2139.45,2237.25,2239.55,2282.4607142857144,2222.008333333333,350.0865452522665,0,0,0,0,Monsoon,9,12,0,0
2015-08-25,1958.9,53,115,17.490178571428572,False,28.34,33.6,23.9,0.0,73.54,2.67,False,No Holiday,2015,8,25,1,35,3,237,0,0,0,-0.8660254037844385,-0.5000000000000004,0.7818314824680298,0.6234898018587336,236,1697.05,2101.2,2290.0,1871.55,2106.842857142857,2250.860714285714,2204.0016666666666,355.21070792391646,0,0,0,0,Monsoon,10,11,0,0
2015-08-26,2329.4,59,139,17.514285714285716,False,28.67,34.03,23.25,0.01,71.78,2.33,False,No Holiday,2015,8,26,2,35,3,238,0,0,0,-0.8660254037844385,-0.5000000000000004,0.9749279121818236,-0.22252093395631434,237,1958.9,2332.95,2365.75,2172.0,2086.5142857142855,2227.2107142857144,2206.913333333333,359.63184266956273,0,0,0,0,Monsoon,11,10,0,0
2015-08-27,2117.65,59,128,16.941200000000002,False,29.05,33.66,23.58,10.03,69.88,1.35,False,No Holiday,2015,8,27,3,35,3,239,0,0,0,-0.8660254037844385,-0.5000000000000004,0.43388373911755823,-0.900968867902419,238,2329.4,1907.7,2074.15,2094.55,2086.0071428571428,2224.6142857142854,2212.1600000000003,359.22868346473933,1,0,0,0,Monsoon,12,9,0,0
2015-08-28,2647.2,68,161,16.442236024844718,False,29.6,34.89,24.07,0.01,68.29,1.67,False,No Holiday,2015,8,28,4,35,3,240,0,0,0,-0.8660254037844385,-0.5000000000000004,-0.433883739117558,-0.9009688679024191,239,2117.65,2601.4,3016.6,1923.25,2116.0,2227.7214285714285,2212.93,350.51921369115706,0,0,0,0,Monsoon,13,8,0,0
2015-08-29,2035.0,60,123,16.68032786885246,False,29.47,34.98,24.49,5.38,70.99,1.93,False,No Holiday,2015,8,29,5,35,3,241,1,0,0,-0.8660254037844385,-0.5000000000000004,-0.9749279121818236,-0.2225209339563146,240,2647.2,2406.0,2252.35,2349.15,2122.542857142857,2201.3357142857144,2237.061666666667,361.3499993410957,1,0,0,0,Monsoon,14,7,1,0
2015-08-30,1494.6,41,94,15.9,False,29.46,34.93,24.83,0.0,68.83,2.31,False,No Holiday,2015,8,30,6,35,3,242,1,0,0,-0.8660254037844385,-0.5000000000000004,-0.7818314824680299,0.6234898018587334,241,2035.0,1701.6,2139.3,2095.4,2069.542857142857,2185.8107142857143,2226.5899999999997,339.38565382733816,0,0,0,0,Monsoon,15,6,1,0
2015-08-31,2081.35,57,126,16.6508,False,28.7,35.1,23.14,0.78,66.0,2.74,False,No Holiday,2015,8,31,0,36,3,243,0,0,1,-0.8660254037844385,-0.5000000000000004,0.0,1.0,242,1494.6,1697.05,2626.0,2440.55,2039.9714285714285,2139.760714285714,2206.563333333333,383.00387058220787,0,0,0,0,Monsoon,16,5,1,0
2015-09-01,2352.85,61,146,16.453496503496503,False,28.63,34.94,23.14,0.01,60.38,2.94,False,No Holiday,2015,9,1,1,36,3,244,0,1,0,-1.0,-1.8369701987210297e-16,0.7818314824680298,0.6234898018587336,243,2081.35,1958.9,2101.2,1910.15,2094.8714285714286,2100.8571428571427,2194.5899999999997,351.9400515442263,0,0,0,0,Monsoon,17,4,1,0
2015-09-02,1865.55,48,111,16.959545454545456,False,28.29,35.11,22.37,0.01,58.17,2.66,False,No Holiday,2015,9,2,2,36,3,245,0,0,0,-1.0,-1.8369701987210297e-16,0.9749279121818236,-0.22252093395631434,244,2352.85,2329.4,2332.95,1982.25,2151.15,2118.832142857143,2209.3466666666664,358.0187541642668,0,0,0,0,Monsoon,18,3,1,0
2015-09-03,2252.6,59,138,16.936842105263157,False,28.34,35.1,21.27,0.79,58.59,2.25,False,No Holiday,2015,9,3,3,36,3,246,0,0,0,-1.0,-1.8369701987210297e-16,0.43388373911755823,-0.900968867902419,245,1865.55,2117.65,1907.7,2090.15,2084.885714285714,2085.4464285714284,2205.4566666666665,362.42750506628454,0,0,0,0,Monsoon,19,2,1,0
2015-09-04,2960.95,66,179,16.634550561797752,False,28.1,35.93,21.34,0.01,53.54,2.21,False,No Holiday,2015,9,4,4,36,3,247,0,0,0,-1.0,-1.8369701987210297e-16,-0.433883739117558,-0.9009688679024191,246,2252.6,2647.2,2601.4,2094.85,2104.1642857142856,2110.0821428571426,2210.8716666666664,368.00704671048317,0,0,0,0,Monsoon,20,1,1,0
2015-09-05,2537.8,59,153,16.806622516556292,False,28.1,36.0,21.18,0.0,51.1,2.54,True,Janmashtami (Vaishnava),2015,9,5,5,36,3,248,1,0,0,-1.0,-1.8369701987210297e-16,-0.9749279121818236,-0.2225209339563146,247,2960.95,2035.0,2406.0,2099.25,2148.985714285714,2135.764285714286,2239.741666666667,454.1854189226083,0,0,0,0,Monsoon,0,0,1,1
2015-09-06,1491.65,47,92,16.391758241758243,False,28.6,36.29,21.55,0.0,50.86,2.43,False,No Holiday,2015,9,6,6,36,3,249,1,0,0,-1.0,-1.8369701987210297e-16,-0.7818314824680299,0.6234898018587334,248,2537.8,1494.6,1701.6,2626.4,2220.8142857142857,2145.178571428571,2254.36,472.5418444560283,0,0,0,0,Monsoon,1,19,1,1
2015-09-07,2283.35,60,140,16.546014492753624,False,28.95,36.45,22.0,0.0,52.16,2.32,False,No Holiday,2015,9,7,0,37,3,250,0,0,0,-1.0,-1.8369701987210297e-16,0.0,1.0,249,1491.65,2081.35,1697.05,2716.4,2220.3928571428573,2130.182142857143,2216.5350000000003,473.29816045541173,0,0,0,0,Monsoon,2,18,1,0
2015-09-08,2249.5,61,133,17.171755725190838,False,29.19,36.93,22.27,0.0,51.16,2.83,False,No Holiday,2015,9,8,1,37,3,251,0,0,0,-1.0,-1.8369701987210297e-16,0.7818314824680298,0.6234898018587336,250,2283.35,2352.85,1958.9,2002.65,2249.25,2172.0607142857143,2202.1,469.5509264179983,0,0,0,0,Monsoon,3,17,0,0
2015-09-09,2580.1,59,157,16.753896103896103,False,29.28,37.86,21.73,0.0,48.71,2.87,False,No Holiday,2015,9,9,2,37,3,252,0,0,0,-1.0,-1.8369701987210297e-16,0.9749279121818236,-0.22252093395631434,251,2249.5,1865.55,2329.4,2139.45,2234.4857142857145,2192.817857142857,2210.328333333333,467.37024020424315,0,0,0,0,Monsoon,4,16,0,0
2015-09-10,2415.85,62,148,16.546917808219177,False,29.13,37.39,21.84,0.0,46.31,2.39,False,No Holiday,2015,9,10,3,37,3,253,0,0,0,-1.0,-1.8369701987210297e-16,0.43388373911755823,-0.900968867902419,252,2580.1,2252.6,2117.65,2290.0,2336.5642857142857,2210.725,2225.016666666667,451.1106809072158,0,0,0,0,Monsoon,5,15,0,0
2015-09-11,2761.9,77,167,16.73878787878788,False,29.26,37.46,20.89,0.0,46.92,1.99,False,No Holiday,2015,9,11,4,37,3,254,0,0,0,-1.0,-1.8369701987210297e-16,-0.433883739117558,-0.9009688679024191,253,2415.85,2960.95,2647.2,2365.75,2359.8857142857137,2232.025,2229.211666666667,450.26549178816543,0,0,0,0,Monsoon,6,14,0,0
2015-09-12,2588.15,67,156,16.697741935483872,False,30.55,37.91,23.43,0.07,43.63,1.1,False,No Holiday,2015,9,12,5,37,3,255,1,0,0,-1.0,-1.8369701987210297e-16,-0.9749279121818236,-0.2225209339563146,254,2761.9,2537.8,2035.0,2074.15,2331.45,2240.217857142857,2242.4166666666665,410.5100810780012,0,0,0,0,Monsoon,7,13,0,0
2015-09-13,1838.15,49,108,17.506190476190476,False,31.08,36.65,25.79,1.29,43.47,0.77,False,No Holiday,2015,9,13,6,37,3,256,1,0,0,-1.0,-1.8369701987210297e-16,-0.7818314824680299,0.6234898018587334,255,2588.15,1491.65,1494.6,3016.6,2338.6428571428573,2279.7285714285713,2259.55,415.14326184721256,0,0,0,0,Monsoon,8,12,0,0
2015-09-14,2165.25,60,129,16.916015625,False,31.81,38.55,25.12,0.08,38.72,1.13,False,No Holiday,2015,9,14,0,38,3,257,0,0,0,-1.0,-1.8369701987210297e-16,0.0,1.0,256,1838.15,2283.35,2081.35,2252.35,2388.1428571428573,2304.2678571428573,2220.2683333333334,302.76724204765486,0,0,0,0,Monsoon,9,11,0,0
2015-09-15,2550.2,65,158,16.452903225806452,False,31.83,38.98,25.21,0.0,37.36,1.06,False,No Holiday,2015,9,15,1,38,3,258,0,0,0,-1.0,-1.8369701987210297e-16,0.7818314824680298,0.6234898018587336,257,2165.25,2249.5,2352.85,2139.3,2371.2714285714287,2310.2607142857146,2217.365,312.7073137098322,0,0,0,0,Monsoon,10,10,0,0
2015-09-16,2185.25,61,136,16.307835820895523,False,31.16,37.74,24.08,1.5,42.25,0.77,False,No Holiday,2015,9,16,2,38,3,259,0,0,0,-1.0,-1.8369701987210297e-16,0.9749279121818236,-0.22252093395631434,258,2550.2,2580.1,1865.55,2626.0,2414.2285714285717,2324.3571428571427,2231.0616666666665,313.8431466740767,0,0,0,0,Monsoon,11,9,0,0
2015-09-17,2242.05,58,138,16.60777777777778,False,32.06,37.9,26.21,0.0,43.6,0.72,False,No Holiday,2015,9,17,3,38,3,260,0,0,0,-1.0,-1.8369701987210297e-16,0.43388373911755823,-0.900968867902419,259,2185.25,2415.85,2252.6,2101.2,2357.8214285714284,2347.192857142857,2216.37,314.544808489378,0,0,0,0,Monsoon,12,8,0,0
2015-09-18,2721.55,72,164,17.009687500000002,False,29.72,34.06,25.12,11.66,58.25,1.51,False,No Holiday,2015,9,18,4,38,3,261,0,0,0,-1.0,-1.8369701987210297e-16,-0.433883739117558,-0.9009688679024191,260,2242.05,2761.9,2960.95,2332.95,2332.9928571428572,2346.4392857142857,2221.065,316.05672543149063,1,0,0,0,Monsoon,13,7,1,0
2015-09-19,2286.55,59,141,16.812867647058823,False,29.97,35.96,23.56,3.31,65.12,1.76,False,No Holiday,2015,9,19,5,38,3,262,1,0,0,-1.0,-1.8369701987210297e-16,-0.9749279121818236,-0.2225209339563146,261,2721.55,2588.15,2537.8,1907.7,2327.2285714285713,2329.339285714286,2234.0183333333334,307.1736341999741,0,0,0,0,Monsoon,14,6,1,0
2015-09-20,1829.0,48,108,17.419047619047618,False,30.84,34.84,26.77,19.61,63.97,0.84,False,No Holiday,2015,9,20,6,38,3,263,1,0,0,-1.0,-1.8369701987210297e-16,-0.7818314824680299,0.6234898018587334,262,2286.55,1838.15,1491.65,2601.4,2284.1428571428573,2311.3928571428573,2246.6466666666665,284.8139603738028,1,0,0,0,Monsoon,15,5,1,0
2015-09-21,2131.45,57,132,16.78307086614173,False,30.56,34.91,26.63,6.22,62.78,0.75,False,No Holiday,2015,9,21,0,39,3,264,0,0,0,-1.0,-1.8369701987210297e-16,0.0,1.0,263,1829.0,2165.25,2283.35,2406.0,2282.8357142857144,2335.4892857142854,2220.9,287.21286634696344,1,0,0,0,Monsoon,16,4,1,0
2015-09-22,2170.4,54,131,17.08976377952756,False,29.99,35.17,25.81,5.38,64.65,2.2,False,No Holiday,2015,9,22,1,39,3,265,0,0,0,-1.0,-1.8369701987210297e-16,0.7818314824680298,0.6234898018587336,264,2131.45,2550.2,2249.5,1701.6,2278.0071428571428,2324.639285714286,2211.7483333333334,289.7917102974884,1,0,0,0,Monsoon,17,3,1,0
2015-09-23,2163.0,60,133,16.767441860465116,False,27.63,33.63,23.56,0.62,65.38,2.72,False,No Holiday,2015,9,23,2,39,3,266,0,0,0,-1.0,-1.8369701987210297e-16,0.9749279121818236,-0.22252093395631434,265,2170.4,2185.25,2580.1,1697.05,2223.75,2318.989285714286,2227.375,264.81405268603237,0,0,0,0,Monsoon,18,2,1,0
2015-09-24,0.0,0,0,0.0,True,26.77,34.22,21.26,0.0,49.99,2.61,False,No Holiday,2015,9,24,3,39,3,267,0,0,0,-1.0,-1.8369701987210297e-16,0.43388373911755823,-0.900968867902419,266,2163.0,2242.05,2415.85,1958.9,2220.5714285714284,2289.1964285714284,2242.9066666666668,265.4858703979425,0,0,0,0,Monsoon,19,1,1,0
2015-09-25,0.0,0,0,0.0,True,26.63,34.51,19.12,0.0,44.84,2.07,True,Eid al-Adha,2015,9,25,4,39,3,268,0,0,0,-1.0,-1.8369701987210297e-16,-0.433883739117558,-0.9009688679024191,267,0.0,2721.55,2761.9,2329.4,1900.2785714285715,2116.6357142857146,2177.61,878.9444449912372,0,0,0,0,Monsoon,0,0,1,0
2015-09-26,2246.85,56,139,16.400364963503648,False,28.21,35.18,20.27,0.0,46.05,1.68,False,No Holiday,2015,9,26,5,39,3,269,1,0,0,-1.0,-1.8369701987210297e-16,-0.9749279121818236,-0.2225209339563146,268,0.0,2286.55,2588.15,2117.65,1511.4857142857145,1919.357142857143,2099.9633333333336,1041.9303170535163,0,0,0,0,Monsoon,1,6,1,1
2015-09-27,2314.7,61,139,16.7731884057971,False,28.33,35.45,22.57,0.01,48.3,1.41,False,No Holiday,2015,9,27,6,39,3,270,1,0,0,-1.0,-1.8369701987210297e-16,-0.7818314824680299,0.6234898018587334,269,2246.85,1829.0,1838.15,2647.2,1505.8142857142855,1894.9785714285715,2104.27,1037.105229599151,0,0,0,0,Monsoon,2,5,1,1
2015-09-28,2035.3,53,121,17.103361344537813,False,27.93,35.62,21.54,0.0,47.6,1.57,False,No Holiday,2015,9,28,0,40,3,271,0,0,0,-1.0,-1.8369701987210297e-16,0.0,1.0,270,2314.7,2131.45,2165.25,2035.0,1575.2,1929.017857142857,2093.1866666666665,1077.7808988070517,0,0,0,0,Monsoon,3,4,1,0
2015-09-29,2762.05,60,163,17.262812500000003,False,27.13,35.82,19.46,0.0,44.3,1.96,False,No Holiday,2015,9,29,1,40,3,272,0,0,0,-1.0,-1.8369701987210297e-16,0.7818314824680298,0.6234898018587336,271,2035.3,2170.4,2550.2,1494.6,1561.4642857142858,1919.7357142857143,2093.1966666666667,1070.0955762276133,0,0,0,0,Monsoon,4,3,1,0
2015-09-30,2198.05,62,130,17.039147286821706,False,26.96,36.01,19.16,0.0,44.65,2.4,False,No Holiday,2015,9,30,2,40,3,273,0,0,1,-1.0,-1.8369701987210297e-16,0.9749279121818236,-0.22252093395631434,272,2762.05,2163.0,2185.25,2081.35,1645.985714285714,1934.867857142857,2135.445,1146.823402822731,0,0,0,0,Monsoon,5,2,1,0
2015-10-01,3202.15,84,194,16.853421052631578,False,27.23,36.02,18.74,0.0,40.67,1.67,False,No Holiday,2015,10,1,3,40,4,274,0,1,0,-0.8660254037844386,0.5000000000000001,0.43388373911755823,-0.900968867902419,273,2198.05,0.0,2242.05,2352.85,1650.992857142857,1935.7821428571426,2139.335,1149.5302814006882,0,0,0,0,Festive,6,1,1,0
2015-10-02,2074.85,61,125,17.147520661157024,False,27.03,36.3,18.65,0.0,38.82,1.74,True,Mahatma Gandhi's Birthday,2015,10,2,4,40,4,275,0,0,0,-0.8660254037844386,0.5000000000000001,-0.433883739117558,-0.9009688679024191,274,3202.15,0.0,2721.55,1865.55,2108.442857142857,2004.3607142857143,2167.645,1011.9294077110706,0,0,0,0,Festive,0,0,1,0
2015-10-03,2400.95,61,147,16.908098591549294,False,27.97,36.07,19.45,0.0,35.79,1.58,False,No Holiday,2015,10,3,5,40,4,276,1,0,0,-0.8660254037844386,0.5000000000000001,-0.9749279121818236,-0.2225209339563146,275,2074.85,2246.85,2286.55,2252.6,2404.8499999999995,1958.167857142857,2174.621666666667,425.1673386248462,0,0,0,0,Festive,1,19,1,1
2015-10-04,2142.2,52,128,17.1376,False,28.27,37.28,19.93,0.0,35.75,1.09,False,No Holiday,2015,10,4,6,40,4,277,1,0,0,-0.8660254037844386,0.5000000000000001,-0.7818314824680299,0.6234898018587334,276,2400.95,2314.7,1829.0,2960.95,2426.8642857142854,1966.3392857142858,2179.5666666666666,419.5756593614228,0,0,0,0,Festive,2,18,1,1
2015-10-05,0.0,0,0,0.0,True,29.61,37.94,23.0,0.0,35.18,0.91,False,No Holiday,2015,10,5,0,41,4,278,0,0,0,-0.8660254037844386,0.5000000000000001,0.0,1.0,277,2142.2,2035.3,2131.45,2537.8,2402.2214285714285,1988.7107142857144,2152.275,432.13895128105156,0,0,0,0,Festive,3,17,0,0
2015-10-06,2215.95,61,136,16.787499999999998,False,28.34,36.12,21.88,0.0,40.94,1.64,False,No Holiday,2015,10,6,1,41,4,279,0,0,0,-0.8660254037844386,0.5000000000000001,0.7818314824680298,0.6234898018587336,278,0.0,2762.05,2170.4,1491.65,2111.464285714286,1836.4642857142858,2067.6816666666664,1013.6339644706926,0,0,0,0,Festive,4,16,0,0
2015-10-07,2092.35,61,133,16.095,False,27.83,36.47,20.05,0.0,45.07,1.76,False,No Holiday,2015,10,7,2,41,4,280,0,0,0,-0.8660254037844386,0.5000000000000001,0.9749279121818236,-0.22252093395631434,279,2215.95,2198.05,2163.0,2283.35,2033.4500000000003,1839.7178571428572,2091.825,975.5148021258666,0,0,0,0,Festive,5,15,0,0
2015-10-08,1975.85,49,119,17.181304347826085,False,27.84,36.28,20.5,0.0,43.8,1.94,False,No Holiday,2015,10,8,3,41,4,281,0,0,0,-0.8660254037844386,0.5000000000000001,0.43388373911755823,-0.900968867902419,280,2092.35,3202.15,0.0,2249.5,2018.35,1834.6714285714284,2085.4583333333335,973.3579981178569,0,0,0,0,Festive,6,14,0,0
2015-10-09,2512.6,60,147,17.44861111111111,False,28.24,37.5,20.59,0.0,38.83,2.07,False,No Holiday,2015,10,9,4,41,4,282,0,0,0,-0.8660254037844386,0.5000000000000001,-0.433883739117558,-0.9009688679024191,281,1975.85,2074.85,0.0,2580.1,1843.1642857142856,1975.8035714285713,2076.3366666666666,823.6249473689913,0,0,0,0,Festive,7,13,0,0
2015-10-10,2310.2,61,141,16.50142857142857,False,28.39,37.41,19.81,0.0,35.41,2.2,False,No Holiday,2015,10,10,5,41,4,283,1,0,0,-0.8660254037844386,0.5000000000000001,-0.9749279121818236,-0.2225209339563146,282,2512.6,2400.95,2246.85,2415.85,1905.7,2155.275,2074.0866666666666,859.965039987093,0,0,0,0,Festive,8,12,0,0
2015-10-11,1916.25,42,118,16.80921052631579,False,28.7,37.36,20.5,0.0,38.05,1.98,False,No Holiday,2015,10,11,6,41,4,284,1,0,0,-0.8660254037844386,0.5000000000000001,-0.7818314824680299,0.6234898018587334,283,2310.2,2142.2,2314.7,2761.9,1892.7357142857143,2159.8,2070.565,851.9008548115055,0,0,0,0,Festive,9,11,0,0
2015-10-12,0.0,0,0,0.0,True,28.66,35.86,20.93,0.0,39.86,1.23,False,No Holiday,2015,10,12,0,42,4,285,0,0,0,-0.8660254037844386,0.5000000000000001,0.0,1.0,284,1916.25,0.0,2035.3,2588.15,1860.4571428571428,2131.339285714286,2042.3766666666666,845.1269674968837,0,0,0,0,Festive,10,10,0,0
2015-10-13,2325.95,58,141,16.49609929078014,False,28.2,34.62,22.49,0.75,46.2,1.01,False,No Holiday,2015,10,13,1,42,4,286,0,0,0,-0.8660254037844386,0.5000000000000001,0.7818314824680298,0.6234898018587336,285,0.0,2215.95,2762.05,1838.15,1860.4571428571428,1985.9607142857144,1956.1049999999998,845.1269674968837,0,0,0,0,Festive,11,9,0,0
2015-10-14,2146.35,57,132,16.384351145038167,False,27.23,34.34,21.13,0.95,48.75,1.31,False,No Holiday,2015,10,14,2,42,4,287,0,0,0,-0.8660254037844386,0.5000000000000001,0.9749279121818236,-0.22252093395631434,286,2325.95,2092.35,2198.05,2165.25,1876.1714285714286,1954.810714285714,1972.3650000000002,853.8166669222898,0,0,0,0,Festive,12,8,0,0
2015-10-15,4320.2,107,262,16.744961240310076,False,27.16,34.07,21.96,0.22,47.99,0.99,False,No Holiday,2015,10,15,3,42,4,288,0,0,0,-0.8660254037844386,0.5000000000000001,0.43388373911755823,-0.900968867902419,287,2146.35,1975.85,3202.15,2550.2,1883.8857142857144,1951.117857142857,1971.7350000000001,856.3356155320027,0,0,0,0,Festive,13,7,1,0
2015-10-16,2555.1,64,153,17.26418918918919,False,28.09,35.24,20.84,0.0,40.1,1.08,False,No Holiday,2015,10,16,4,42,4,289,0,0,0,-0.8660254037844386,0.5000000000000001,-0.433883739117558,-0.9009688679024191,288,4320.2,2512.6,2074.85,2185.25,2218.792857142857,2030.9785714285713,2030.735,1261.077213281227,0,0,0,0,Festive,14,6,1,0
2015-10-17,2339.8,55,140,17.59248120300752,False,27.51,34.55,20.78,0.01,41.38,1.25,False,No Holiday,2015,10,17,5,42,4,290,1,0,0,-0.8660254037844386,0.5000000000000001,-0.9749279121818236,-0.2225209339563146,289,2555.1,2310.2,2400.95,2242.05,2224.8642857142854,2065.282142857143,2043.063333333333,1262.8285875084446,0,0,0,0,Festive,15,5,1,0
2015-10-18,1795.3,45,105,17.953,False,28.4,35.17,21.84,0.0,39.24,0.95,False,No Holiday,2015,10,18,6,42,4,291,1,0,0,-0.8660254037844386,0.5000000000000001,-0.7818314824680299,0.6234898018587334,290,2339.8,1916.25,2142.2,2721.55,2229.092857142857,2060.9142857142856,2046.3216666666667,1263.2114574331877,0,0,0,0,Festive,16,4,1,0
2015-10-19,0.0,0,0,0.0,True,29.11,36.06,22.24,0.0,35.46,1.09,False,No Holiday,2015,10,19,0,43,4,292,0,0,0,-0.8660254037844386,0.5000000000000001,0.0,1.0,291,1795.3,0.0,0.0,2286.55,2211.8142857142857,2036.1357142857141,2015.4466666666667,1269.0176557460657,0,0,0,0,Festive,17,3,1,0
2015-10-20,2437.15,63,154,16.03388157894737,False,28.34,35.71,23.19,0.0,38.01,1.52,False,No Holiday,2015,10,20,1,43,4,293,0,0,0,-0.8660254037844386,0.5000000000000001,0.7818314824680298,0.6234898018587336,292,0.0,2325.95,2215.95,1829.0,2211.8142857142857,2036.1357142857141,1939.2283333333332,1269.0176557460657,0,0,0,0,Festive,18,2,1,0
2015-10-21,2460.5,56,149,16.738095238095237,False,25.53,33.61,19.32,0.44,43.82,1.63,False,No Holiday,2015,10,21,2,43,4,294,0,0,0,-0.8660254037844386,0.5000000000000001,0.9749279121818236,-0.22252093395631434,293,2437.15,2146.35,2092.35,2131.45,2227.7,2051.9357142857143,1959.5,1271.3783593014325,0,0,0,0,Festive,19,1,1,0
2015-10-22,2400.9,57,145,16.78951048951049,False,23.64,33.31,16.06,0.02,35.83,1.88,True,Dussehra,2015,10,22,3,43,4,295,0,0,0,-0.8660254037844386,0.5000000000000001,0.43388373911755823,-0.900968867902419,294,2460.5,4320.2,1975.85,2170.4,2272.578571428571,2078.2321428571427,1970.4683333333335,1273.5708990397648,0,0,0,0,Festive,0,0,1,0
2015-10-23,2610.65,72,154,16.952272727272728,False,23.65,33.29,14.91,0.0,31.16,1.88,False,No Holiday,2015,10,23,4,43,4,296,0,0,0,-0.8660254037844386,0.5000000000000001,-0.433883739117558,-0.9009688679024191,295,2400.9,2555.1,2512.6,2163.0,1998.392857142857,2108.592857142857,1978.1516666666664,915.5476723563581,0,0,0,0,Festive,1,1,1,0
2015-10-24,2679.5,59,160,17.17628205128205,False,25.33,33.41,16.83,0.0,30.78,1.2,True,Ashura,2015,10,24,5,43,4,297,1,0,0,-0.8660254037844386,0.5000000000000001,-0.9749279121818236,-0.2225209339563146,296,2610.65,2339.8,2310.2,0.0,2006.3285714285714,2115.5964285714285,1993.0733333333333,921.3993324726011,0,0,0,0,Festive,0,0,1,1
2015-10-25,1837.05,45,114,16.700454545454544,False,25.23,34.2,17.34,0.0,32.81,1.51,False,No Holiday,2015,10,25,6,43,4,298,1,0,0,-0.8660254037844386,0.5000000000000001,-0.7818314824680299,0.6234898018587334,297,2679.5,1795.3,1916.25,0.0,2054.8571428571427,2141.975,2082.39,950.3799066814344,0,0,0,0,Festive,1,17,1,1
2015-10-26,0.0,0,0,0.0,True,24.61,32.41,18.04,0.03,36.48,1.43,False,No Holiday,2015,10,26,0,44,4,299,0,0,0,-0.8660254037844386,0.5000000000000001,0.0,1.0,298,1837.05,0.0,0.0,2246.85,2060.8214285714284,2136.317857142857,2143.625,948.6088792090701,0,0,0,0,Festive,2,16,1,0
2015-10-27,1988.65,62,120,16.852966101694918,False,23.48,31.52,16.75,0.46,42.53,1.62,False,No Holiday,2015,10,27,1,44,4,300,0,0,0,-0.8660254037844386,0.5000000000000001,0.7818314824680298,0.6234898018587336,299,0.0,2437.15,2325.95,2314.7,2060.8214285714284,2136.317857142857,2068.73,948.6088792090701,0,0,0,0,Festive,3,15,0,0
2015-10-28,1635.95,63,104,15.883009708737864,False,19.16,21.97,15.49,7.39,64.59,1.74,False,No Holiday,2015,10,28,2,44,4,301,0,0,0,-0.8660254037844386,0.5000000000000001,0.9749279121818236,-0.22252093395631434,300,1988.65,2460.5,2146.35,2035.3,1996.75,2112.225,2057.8616666666667,933.9880727289843,1,0,0,0,Festive,4,14,0,0
2015-10-29,2169.75,59,131,17.084645669291337,False,21.08,28.49,14.38,0.0,57.25,0.92,False,No Holiday,2015,10,29,3,44,4,302,0,0,0,-0.8660254037844386,0.5000000000000001,0.43388373911755823,-0.900968867902419,301,1635.95,2400.9,4320.2,2762.05,1878.957142857143,2075.7678571428573,2044.55,917.6045623563264,0,0,0,0,Festive,5,13,0,0
2015-10-30,2736.6,63,166,16.68658536585366,False,22.0,29.51,16.15,1.0,47.99,1.2,False,No Holiday,2015,10,30,4,44,4,303,0,0,0,-0.8660254037844386,0.5000000000000001,-0.433883739117558,-0.9009688679024191,302,2169.75,2610.65,2555.1,2198.05,1845.9357142857145,1922.1642857142858,2024.8066666666666,899.6751296599087,0,0,0,0,Festive,6,12,0,0
2015-10-31,2744.85,69,165,17.26320754716981,False,22.86,30.9,15.61,0.0,40.64,1.09,False,No Holiday,2015,10,31,5,44,4,304,1,0,1,-0.8660254037844386,0.5000000000000001,-0.9749279121818236,-0.2225209339563146,303,2736.6,2679.5,2339.8,3202.15,1863.9285714285713,1935.1285714285714,2042.7583333333334,918.5786814680717,0,0,0,0,Festive,7,11,0,0
2015-11-01,1986.65,55,124,16.151626016260163,False,22.95,30.32,17.01,0.0,41.23,0.91,False,No Holiday,2015,11,1,6,44,4,305,1,1,0,-0.5000000000000004,0.8660254037844384,-0.7818314824680299,0.6234898018587334,304,2744.85,1837.05,1795.3,2074.85,1873.2642857142857,1964.0607142857145,2027.5149999999999,928.5271925269108,0,0,0,0,Festive,8,10,0,0
2015-11-02,2299.1,56,138,16.78175182481752,False,23.31,30.76,16.32,0.0,43.18,1.09,False,No Holiday,2015,11,2,0,45,4,306,0,0,0,-0.5000000000000004,0.8660254037844384,0.0,1.0,305,1986.65,0.0,0.0,2400.95,1894.6357142857144,1977.7285714285715,2024.575,929.2760769878383,0,0,0,0,Festive,9,9,0,0
2015-11-03,1828.55,49,114,16.326339285714287,False,23.89,30.6,18.12,0.0,44.47,1.12,False,No Holiday,2015,11,3,1,45,4,307,0,0,0,-0.5000000000000004,0.8660254037844384,0.7818314824680298,0.6234898018587336,306,2299.1,1988.65,2437.15,2142.2,2223.078571428571,2141.9500000000003,2021.1799999999998,408.278511820409,0,0,0,0,Festive,10,8,0,0
2015-11-04,1966.1,49,121,16.248760330578513,False,24.64,30.77,19.54,0.0,41.71,0.81,False,No Holiday,2015,11,4,2,45,4,308,0,0,0,-0.5000000000000004,0.8660254037844384,0.9749279121818236,-0.22252093395631434,307,1828.55,1635.95,2460.5,0.0,2200.207142857143,2098.4785714285713,2010.725,427.62568954302196,0,0,0,0,Festive,11,7,1,0
2015-11-05,2180.35,58,124,17.583467741935483,False,24.93,30.9,18.02,0.77,41.5,0.95,False,No Holiday,2015,11,5,3,45,4,309,0,0,0,-0.5000000000000004,0.8660254037844384,0.43388373911755823,-0.900968867902419,308,1966.1,2169.75,2400.9,2215.95,2247.371428571428,2063.1642857142856,2076.2616666666668,369.24046462202364,0,0,0,0,Festive,12,6,1,0
2015-11-06,3157.5,73,190,17.06756756756757,False,24.05,30.7,19.33,0.01,41.03,1.18,False,No Holiday,2015,11,6,4,45,4,310,0,0,0,-0.5000000000000004,0.8660254037844384,-0.433883739117558,-0.9009688679024191,309,2180.35,2736.6,2610.65,2092.35,2248.885714285714,2047.4107142857142,2075.075,368.8906474307894,0,0,0,0,Festive,13,5,1,0
2015-11-07,2580.95,61,156,16.54455128205128,False,22.38,29.91,15.98,0.0,41.75,1.01,False,No Holiday,2015,11,7,5,45,4,311,1,0,0,-0.5000000000000004,0.8660254037844384,-0.9749279121818236,-0.2225209339563146,310,3157.5,2744.85,2679.5,1975.85,2309.0142857142855,2086.4714285714285,2110.58,479.38996627162214,0,0,0,0,Festive,14,4,1,0
2015-11-08,2110.15,48,127,16.8812,False,22.26,28.6,17.62,0.02,44.41,1.24,False,No Holiday,2015,11,8,6,45,4,312,1,0,0,-0.5000000000000004,0.8660254037844384,-0.7818314824680299,0.6234898018587334,311,2580.95,1986.65,1837.05,2512.6,2285.6,2079.432142857143,2130.75,458.08425353130787,0,0,0,0,Festive,15,3,1,0
2015-11-09,2483.75,61,151,17.011986301369863,False,23.55,31.28,16.88,0.0,44.2,1.16,False,No Holiday,2015,11,9,0,46,4,313,0,0,0,-0.5000000000000004,0.8660254037844384,0.0,1.0,312,2110.15,2299.1,0.0,2310.2,2303.242857142857,2098.9392857142857,2117.335,446.89294153127815,0,0,0,0,Festive,16,2,1,0
2015-11-10,2042.6,62,126,16.742622950819673,False,23.48,30.57,18.77,0.0,46.27,1.3,False,No Holiday,2015,11,10,1,46,4,314,0,0,0,-0.5000000000000004,0.8660254037844384,0.7818314824680298,0.6234898018587336,313,2483.75,1828.55,1988.65,1916.25,2329.6214285714286,2276.35,2123.12,452.0277774071205,0,0,0,0,Festive,17,1,1,0
2015-11-11,1946.2,48,118,16.77758620689655,False,22.25,30.96,16.3,0.0,39.76,2.76,True,Diwali (Deepavali),2015,11,11,2,46,4,315,0,0,0,-0.5000000000000004,0.8660254037844384,0.9749279121818236,-0.22252093395631434,314,2042.6,1966.1,1635.95,0.0,2360.2,2280.203571428571,2127.331666666667,418.47701051949747,0,0,0,0,Festive,0,0,1,0
2015-11-12,2564.8,59,153,17.44761904761905,False,21.69,30.91,14.73,0.0,42.43,2.38,False,No Holiday,2015,11,12,3,46,4,316,0,0,0,-0.5000000000000004,0.8660254037844384,0.43388373911755823,-0.900968867902419,315,1946.2,2180.35,2169.75,2325.95,2357.3571428571427,2302.3642857142854,2192.2050000000004,421.65599468897045,0,0,0,0,Festive,1,13,1,0
2015-11-13,2264.55,67,141,16.291726618705038,False,22.37,30.95,15.49,0.0,42.78,2.41,False,No Holiday,2015,11,13,4,46,4,317,0,0,0,-0.5000000000000004,0.8660254037844384,-0.433883739117558,-0.9009688679024191,316,2564.8,3157.5,2736.6,2146.35,2412.2785714285715,2330.5821428571426,2200.1666666666665,419.7914431170412,0,0,0,0,Festive,2,12,1,0
2015-11-14,2324.75,58,142,16.605357142857144,False,22.78,30.45,16.97,0.0,50.59,2.09,False,No Holiday,2015,11,14,5,46,4,318,1,0,0,-0.5000000000000004,0.8660254037844384,-0.9749279121818236,-0.2225209339563146,317,2264.55,2580.95,2744.85,4320.2,2284.714285714286,2296.8642857142854,2204.1066666666666,261.37755532672196,0,0,0,0,Festive,3,11,0,0
2015-11-15,1821.65,45,113,16.12079646017699,False,23.53,31.16,17.19,0.0,40.31,1.25,False,No Holiday,2015,11,15,6,46,4,319,1,0,0,-0.5000000000000004,0.8660254037844384,-0.7818314824680299,0.6234898018587334,318,2324.75,2110.15,1986.65,2555.1,2248.1142857142854,2266.8571428571427,2137.5916666666667,228.90307212567853,0,0,0,0,Festive,4,10,0,0
2015-11-16,2256.65,61,136,16.715925925925927,False,21.67,29.64,16.04,0.0,41.01,1.94,False,No Holiday,2015,11,16,0,47,4,320,0,0,0,-0.5000000000000004,0.8660254037844384,0.0,1.0,319,1821.65,2483.75,2299.1,2339.8,2206.9,2255.0714285714284,2113.1433333333334,278.48609181310195,0,0,0,0,Festive,5,9,0,0
2015-11-17,1956.55,49,117,17.314601769911505,False,19.34,29.02,12.27,0.0,27.78,2.22,False,No Holiday,2015,11,17,1,47,4,321,0,0,0,-0.5000000000000004,0.8660254037844384,0.7818314824680298,0.6234898018587336,320,2256.65,2042.6,1828.55,1795.3,2174.457142857143,2252.0392857142856,2110.371666666667,252.91249710221572,0,0,0,0,Festive,6,8,0,0
2015-11-18,2111.7,46,130,17.45206611570248,False,18.67,28.98,10.45,0.0,29.84,1.84,False,No Holiday,2015,11,18,2,47,4,322,0,0,0,-0.5000000000000004,0.8660254037844384,0.9749279121818236,-0.22252093395631434,321,1956.55,1946.2,1966.1,0.0,2162.164285714286,2261.182142857143,2115.7466666666664,262.30637416687665,0,0,0,0,Festive,7,7,1,0
2015-11-19,2694.9,67,162,16.738509316770187,False,18.87,28.53,11.44,0.0,29.49,1.34,False,No Holiday,2015,11,19,3,47,4,323,0,0,0,-0.5000000000000004,0.8660254037844384,0.43388373911755823,-0.900968867902419,322,2111.7,2564.8,2180.35,2437.15,2185.807142857143,2271.582142857143,2186.1366666666663,246.58365116895246,0,0,0,0,Festive,8,6,1,0
2015-11-20,2388.1,65,148,16.245578231292516,False,19.57,28.84,12.64,0.0,29.45,1.17,False,No Holiday,2015,11,20,4,47,4,324,0,0,0,-0.5000000000000004,0.8660254037844384,-0.433883739117558,-0.9009688679024191,323,2694.9,2264.55,3157.5,2460.5,2204.3928571428573,2308.3357142857144,2194.7283333333335,282.23599231342723,0,0,0,0,Festive,9,5,1,0
2015-11-21,2083.95,61,131,16.154651162790696,False,19.93,28.97,12.41,0.0,34.37,1.1,False,No Holiday,2015,11,21,5,47,4,325,1,0,0,-0.5000000000000004,0.8660254037844384,-0.9749279121818236,-0.2225209339563146,324,2388.1,2324.75,2580.95,2400.9,2222.042857142857,2253.3785714285714,2192.315,290.37094297434726,0,0,0,0,Festive,10,4,1,0
2015-11-22,1368.7,43,84,16.691463414634146,False,19.99,29.11,12.5,0.0,31.29,1.44,False,No Holiday,2015,11,22,6,47,4,326,1,0,0,-0.5000000000000004,0.8660254037844384,-0.7818314824680299,0.6234898018587334,325,2083.95,1821.65,2110.15,2610.65,2187.6428571428573,2217.878571428572,2181.75,290.4390547495492,0,0,0,0,Festive,11,3,1,0
2015-11-23,2465.15,56,148,17.360211267605635,False,19.82,28.58,12.52,0.0,27.84,1.25,False,No Holiday,2015,11,23,0,48,4,327,0,0,0,-0.5000000000000004,0.8660254037844384,0.0,1.0,326,1368.7,2256.65,2483.75,2679.5,2122.9357142857143,2164.917857142857,2140.351666666667,411.00214893425255,0,0,0,0,Festive,12,2,1,0
2015-11-24,2230.05,52,131,17.287209302325582,False,19.19,28.73,12.29,0.0,32.04,1.98,False,No Holiday,2015,11,24,1,48,4,328,0,0,0,-0.5000000000000004,0.8660254037844384,0.7818314824680298,0.6234898018587336,327,2465.15,1956.55,2042.6,1837.05,2152.7214285714285,2163.589285714286,2133.2066666666665,429.44875213963286,0,0,0,0,Festive,13,1,1,0
2015-11-25,2363.25,61,144,16.76063829787234,False,20.32,30.42,12.87,0.0,29.82,2.82,True,Guru Nanak's Birthday,2015,11,25,2,48,4,329,0,0,0,-0.5000000000000004,0.8660254037844384,0.9749279121818236,-0.22252093395631434,328,2230.05,2111.7,1946.2,0.0,2191.792857142857,2176.9785714285713,2146.3066666666664,420.98452607011376,0,0,0,0,Festive,0,0,1,0
2015-11-26,4405.95,113,266,16.88103448275862,False,20.96,27.18,15.32,0.11,33.03,1.23,False,No Holiday,2015,11,26,3,48,4,330,0,0,0,-0.5000000000000004,0.8660254037844384,0.43388373911755823,-0.900968867902419,329,2363.25,2694.9,2564.8,1988.65,2227.7285714285713,2206.7678571428573,2225.0816666666665,423.73554730234883,0,0,0,0,Festive,1,28,1,0
2015-11-27,4422.45,115,264,17.075096525096523,False,20.68,27.75,15.13,0.11,47.67,1.1,False,No Holiday,2015,11,27,4,48,4,331,0,0,0,-0.5000000000000004,0.8660254037844384,-0.433883739117558,-0.9009688679024191,330,4405.95,2388.1,2264.55,1635.95,2472.164285714286,2338.2785714285715,2305.6583333333333,929.6476575896413,0,0,0,0,Festive,2,27,1,0
2015-11-28,1968.05,48,118,16.96594827586207,False,20.37,27.22,15.9,0.0,52.14,1.41,False,No Holiday,2015,11,28,5,48,4,332,1,0,0,-0.5000000000000004,0.8660254037844384,-0.9749279121818236,-0.2225209339563146,331,4422.45,2083.95,2324.75,2169.75,2762.785714285714,2492.4142857142856,2398.5416666666665,1182.5671554976939,0,0,0,0,Festive,3,26,0,0
2015-11-29,1899.0,46,115,17.10810810810811,False,19.69,28.14,12.52,0.0,37.87,1.16,False,No Holiday,2015,11,29,6,48,4,333,1,0,0,-0.5000000000000004,0.8660254037844384,-0.7818314824680299,0.6234898018587334,332,1968.05,1368.7,1821.65,2736.6,2746.2285714285713,2466.9357142857143,2391.8183333333336,1194.4076927697765,0,0,0,0,Festive,4,25,0,0
2015-11-30,2223.25,60,134,16.84280303030303,False,20.18,29.64,13.61,0.0,38.77,1.19,False,No Holiday,2015,11,30,0,49,4,334,0,0,1,-0.5000000000000004,0.8660254037844384,0.0,1.0,333,1899.0,2465.15,2256.65,2744.85,2821.985714285714,2472.460714285714,2363.898333333333,1106.021073757295,0,0,0,0,Festive,5,24,0,0
2015-12-01,2076.7,61,131,16.0984496124031,False,20.37,29.18,13.24,0.34,39.84,1.29,False,No Holiday,2015,12,1,1,49,4,335,0,1,0,-2.4492935982947064e-16,1.0,0.7818314824680298,0.6234898018587336,334,2223.25,2230.05,1956.55,1986.65,2787.4285714285716,2470.0750000000003,2346.5116666666668,1122.6819859370778,0,0,0,0,Winter,6,23,0,0
2015-12-02,2214.1,59,132,16.90152671755725,False,18.1,25.56,12.84,1.19,43.29,1.7,False,No Holiday,2015,12,2,2,49,4,336,0,0,0,-2.4492935982947064e-16,1.0,0.9749279121818236,-0.22252093395631434,335,2076.7,2363.25,2111.7,2299.1,2765.5214285714283,2478.657142857143,2349.5133333333333,1136.7786224888384,0,0,0,0,Winter,7,22,0,0
2015-12-03,2243.2,56,136,16.86616541353383,False,18.21,27.19,11.73,0.0,41.63,2.43,False,No Holiday,2015,12,3,3,49,4,337,0,0,0,-2.4492935982947064e-16,1.0,0.43388373911755823,-0.900968867902419,336,2214.1,4405.95,2694.9,1828.55,2744.214285714286,2485.9714285714285,2346.6800000000003,1146.9277184847235,0,0,0,0,Winter,8,21,0,0
2015-12-04,2878.35,72,176,16.6378612716763,False,18.16,27.29,10.6,0.0,35.83,2.19,False,No Holiday,2015,12,4,4,49,4,338,0,0,0,-2.4492935982947064e-16,1.0,-0.433883739117558,-0.9009688679024191,337,2243.2,4422.45,2388.1,1966.1,2435.25,2453.707142857143,2360.5016666666666,886.3874594855995,0,0,0,0,Winter,9,20,0,0
2015-12-05,2627.95,61,160,16.63259493670886,False,18.95,27.86,12.52,0.0,28.37,1.3,False,No Holiday,2015,12,5,5,49,4,339,1,0,0,-2.4492935982947064e-16,1.0,-0.9749279121818236,-0.2225209339563146,338,2878.35,1968.05,2083.95,2180.35,2214.6642857142856,2488.725,2390.9099999999994,321.6788612294985,0,0,0,0,Winter,10,19,0,0
2015-12-06,2350.25,55,144,16.7875,False,19.21,26.97,12.09,0.0,24.43,0.79,False,No Holiday,2015,12,6,6,49,4,340,1,0,0,-2.4492935982947064e-16,1.0,-0.7818314824680299,0.6234898018587334,339,2627.95,1899.0,1368.7,3157.5,2308.9357142857143,2527.582142857143,2405.83,333.8264265980754,0,0,0,0,Winter,11,18,0,0
2015-12-07,2414.8,59,150,16.42721088435374,False,19.66,27.24,12.47,0.0,27.09,1.03,False,No Holiday,2015,12,7,0,50,4,341,0,0,0,-2.4492935982947064e-16,1.0,0.0,1.0,340,2350.25,2223.25,2465.15,2580.95,2373.4,2597.692857142857,2378.9216666666666,280.8352334258212,0,0,0,0,Winter,12,17,0,0
2015-12-08,1856.25,50,110,17.029816513761467,False,20.13,28.64,13.68,0.0,28.01,0.88,False,No Holiday,2015,12,8,1,50,4,342,0,0,0,-2.4492935982947064e-16,1.0,0.7818314824680298,0.6234898018587336,341,2414.8,2076.7,2230.05,2110.15,2400.7642857142855,2594.096428571429,2373.383333333333,272.9889737002337,0,0,0,0,Winter,13,16,0,0
2015-12-09,2571.55,65,160,16.484294871794873,False,18.52,26.65,11.13,0.0,31.57,1.54,False,No Holiday,2015,12,9,2,50,4,343,0,0,0,-2.4492935982947064e-16,1.0,0.9749279121818236,-0.22252093395631434,342,1856.25,2214.1,2363.25,2483.75,2369.2714285714283,2567.3964285714287,2364.9199999999996,324.46710780543106,0,0,0,0,Winter,14,15,0,0
2015-12-10,1985.6,62,118,16.827118644067795,False,18.88,28.37,11.55,0.0,32.99,1.69,False,No Holiday,2015,12,10,3,50,4,344,0,0,0,-2.4492935982947064e-16,1.0,0.43388373911755823,-0.900968867902419,343,2571.55,2243.2,4405.95,2042.6,2420.335714285714,2582.275,2367.8466666666664,324.10362117987336,0,0,0,0,Winter,15,14,0,0
2015-12-11,2634.0,73,164,16.36024844720497,False,18.08,25.38,12.91,0.03,36.71,1.76,False,No Holiday,2015,12,11,4,50,4,345,0,0,0,-2.4492935982947064e-16,1.0,-0.433883739117558,-0.9009688679024191,344,1985.6,2878.35,4422.45,1946.2,2383.535714285714,2409.3928571428573,2365.946666666667,360.18452298126334,0,0,0,0,Winter,16,13,0,0
2015-12-12,1960.15,56,127,15.6812,False,14.89,22.9,8.72,0.0,31.61,2.22,False,No Holiday,2015,12,12,5,50,4,346,1,0,0,-2.4492935982947064e-16,1.0,-0.9749279121818236,-0.2225209339563146,345,2634.0,2627.95,1968.05,2564.8,2348.628571428572,2281.6464285714287,2388.8733333333334,312.98534691092897,0,0,0,1,Winter,17,12,0,0
2015-12-13,2245.15,52,130,17.818650793650793,False,13.7,22.08,7.31,0.0,28.44,1.94,False,No Holiday,2015,12,13,6,50,4,347,1,0,0,-2.4492935982947064e-16,1.0,-0.7818314824680299,0.6234898018587334,346,1960.15,2350.25,1899.0,2264.55,2253.2285714285713,2281.082142857143,2368.7183333333332,315.4219354784234,0,0,0,1,Winter,18,11,0,0
2015-12-14,2172.6,58,131,16.58473282442748,False,13.11,22.3,7.01,0.0,26.99,2.46,False,No Holiday,2015,12,14,0,51,4,348,0,0,0,-2.4492935982947064e-16,1.0,0.0,1.0,347,2245.15,2414.8,2223.25,2324.75,2238.214285714286,2305.807142857143,2368.071666666667,312.52202284304235,0,0,0,1,Winter,19,10,0,0
2015-12-15,2387.45,58,146,16.813028169014082,False,12.97,23.77,5.3,0.0,21.62,2.38,False,No Holiday,2015,12,15,1,51,4,349,0,0,0,-2.4492935982947064e-16,1.0,0.7818314824680298,0.6234898018587336,348,2172.6,1856.25,2076.7,1821.65,2203.614285714286,2302.1892857142857,2363.0,302.9748858050347,0,0,0,1,Winter,20,9,0,0
2015-12-16,2234.8,69,133,16.803007518796996,False,14.98,24.45,6.49,0.0,18.58,0.96,False,No Holiday,2015,12,16,2,51,4,350,0,0,0,-2.4492935982947064e-16,1.0,0.9749279121818236,-0.22252093395631434,349,2387.45,2571.55,2214.1,2256.65,2279.5,2324.385714285714,2381.8599999999997,265.70215781334724,0,0,0,1,Winter,21,8,0,0
2015-12-17,1880.75,57,113,17.097727272727273,False,14.84,22.84,9.04,0.0,18.46,1.05,False,No Holiday,2015,12,17,3,51,4,351,0,0,0,-2.4492935982947064e-16,1.0,0.43388373911755823,-0.900968867902419,350,2234.8,1985.6,2243.2,1956.55,2231.3928571428573,2325.8642857142854,2381.1316666666667,232.41149826076122,0,0,0,1,Winter,22,7,1,0
2015-12-18,2886.3,76,176,16.58793103448276,False,12.72,22.46,5.75,0.0,22.98,2.26,False,No Holiday,2015,12,18,4,51,4,352,0,0,0,-2.4492935982947064e-16,1.0,-0.433883739117558,-0.9009688679024191,351,1880.75,2634.0,2878.35,2111.7,2216.4142857142856,2299.975,2378.605,253.32995893743083,0,0,0,1,Winter,23,6,1,0
2015-12-19,2304.2,59,139,16.69710144927536,False,13.97,23.12,5.11,0.0,20.93,1.63,False,No Holiday,2015,12,19,5,51,4,353,1,0,0,-2.4492935982947064e-16,1.0,-0.9749279121818236,-0.2225209339563146,352,2886.3,1960.15,2627.95,2694.9,2252.457142857143,2300.5428571428574,2404.425,329.22429971648785,0,0,0,1,Winter,24,5,1,0
2015-12-20,2104.9,53,124,17.253278688524592,False,14.01,22.19,7.77,0.0,20.22,0.97,False,No Holiday,2015,12,20,6,51,4,354,1,0,0,-2.4492935982947064e-16,1.0,-0.7818314824680299,0.6234898018587334,353,2304.2,2245.15,2350.25,2388.1,2301.6071428571427,2277.417857142857,2391.4016666666666,302.945439846537,0,0,0,1,Winter,25,4,1,0
2015-12-21,2100.7,55,130,16.41171875,False,12.84,21.66,4.72,0.0,26.35,1.34,False,No Holiday,2015,12,21,0,52,4,355,0,0,0,-2.4492935982947064e-16,1.0,0.0,1.0,354,2104.9,2172.6,2414.8,2083.95,2281.5714285714284,2259.8928571428573,2381.961666666667,311.8097494963149,0,0,0,1,Winter,26,3,1,0
2015-12-22,1882.95,58,114,16.963513513513515,False,13.23,20.81,7.48,0.0,30.39,1.14,False,No Holiday,2015,12,22,1,52,4,356,0,0,0,-2.4492935982947064e-16,1.0,0.7818314824680298,0.6234898018587336,355,2100.7,2387.45,1856.25,1368.7,2271.3,2237.457142857143,2382.52,317.1364335739467,0,0,0,1,Winter,27,2,1,0
2015-12-23,2244.3,56,134,17.263846153846156,False,12.19,20.3,5.26,0.0,29.34,1.58,False,No Holiday,2015,12,23,2,52,4,357,0,0,0,-2.4492935982947064e-16,1.0,0.9749279121818236,-0.22252093395631434,356,1882.95,2234.8,2571.55,2465.15,2199.2285714285713,2239.364285714286,2399.661666666667,342.64120429533114,0,0,0,1,Winter,28,1,1,0
2015-12-24,2137.85,56,131,16.572480620155037,False,12.35,20.46,6.88,0.0,28.11,2.55,True,Prophet's Birthday,2015,12,24,3,52,4,358,0,0,0,-2.4492935982947064e-16,1.0,0.43388373911755823,-0.900968867902419,357,2244.3,1880.75,1985.6,2230.05,2200.5857142857144,2215.989285714286,2392.3,342.82434364443924,0,0,0,1,Winter,0,0,1,0
2015-12-25,0.0,0,0,0.0,True,11.12,21.24,3.26,0.0,22.33,2.26,True,Christmas,2015,12,25,4,52,4,359,0,0,0,-2.4492935982947064e-16,1.0,-0.433883739117558,-0.9009688679024191,358,2137.85,2886.3,2634.0,2363.25,2237.3142857142857,2226.8642857142854,2389.2266666666665,315.53371546514717,0,0,0,1,Winter,0,0,1,0
2015-12-26,1643.05,38,95,17.295263157894738,False,14.0,25.11,5.95,0.0,16.66,2.52,False,No Holiday,2015,12,26,5,52,4,360,1,0,0,-2.4492935982947064e-16,1.0,-0.9749279121818236,-0.2225209339563146,359,0.0,2304.2,1960.15,4405.95,1824.9857142857145,2038.7214285714285,2310.4516666666664,815.6447300113216,0,0,0,1,Winter,1,30,1,1
2015-12-27,1419.0,35,89,16.310344827586206,False,16.15,25.58,9.66,0.0,18.21,2.41,False,No Holiday,2015,12,27,6,52,4,361,1,0,0,-2.4492935982947064e-16,1.0,-0.7818314824680299,0.6234898018587334,360,1643.05,2104.9,2245.15,4422.45,1730.5357142857142,2016.0714285714287,2218.355,788.7401989429569,0,0,0,0,Winter,2,30,1,1
2015-12-28,1637.2,39,102,16.050980392156863,False,17.69,26.72,11.03,0.0,30.0,2.78,False,No Holiday,2015,12,28,0,53,4,362,0,0,0,-2.4492935982947064e-16,1.0,0.0,1.0,361,1419.0,2100.7,2172.6,1968.05,1632.55,1957.0607142857145,2118.24,776.9989371507128,0,0,0,0,Winter,3,30,0,0
2015-12-29,1353.25,27,80,17.574675324675326,False,17.61,27.01,11.61,0.0,30.47,2.86,False,No Holiday,2015,12,29,1,53,4,363,0,0,0,-2.4492935982947064e-16,1.0,0.7818314824680298,0.6234898018587336,362,1637.2,1882.95,2387.45,1899.0,1566.3357142857144,1918.8178571428568,2107.211666666667,749.725612982449,0,0,0,0,Winter,4,30,0,0
2015-12-30,1337.8,32,82,18.32602739726028,False,16.7,25.98,9.3,0.0,24.76,1.57,False,No Holiday,2015,12,30,2,53,4,364,0,0,0,-2.4492935982947064e-16,1.0,0.9749279121818236,-0.22252093395631434,363,1353.25,2244.3,2234.8,2223.25,1490.6642857142858,1844.9464285714287,2089.02,739.099534182356,0,0,0,0,Winter,5,30,0,0
2015-12-31,2916.0,73,178,17.05263157894737,False,15.62,25.67,7.99,0.0,28.02,1.46,False,No Holiday,2015,12,31,3,53,4,365,0,0,1,-2.4492935982947064e-16,1.0,0.43388373911755823,-0.900968867902419,364,1337.8,2137.85,1880.75,2076.7,1361.1642857142856,1780.875,2059.505,660.2547082466806,0,0,0,0,Winter,6,30,0,0
